filename,file_size,num_sections,num_imported_functions,num_suspicious_imports,num_exported_functions,has_signature,avg_section_entropy,label
MacSpy,5556068,42,714,10,1,0,2.9988326642499183,1
applet,361680,16,202,6,471,1,3.1249436509270128,1
7bb9b3ea882db648578ea396a9a8cec5.bin,73360,10,61,5,22,1,2.3840275207343926,1
Installer,459248,13,133,15,69,1,3.0480476440531854,1
UnPackNw,102464,27,123,1,9,1,2.3036907378252702,1
MaMi,565673,31,379,2,293,0,2.861692577764831,1
Application Stub,69308,31,113,3,6,0,2.2675488818010057,1
Pintsized,695044,15,353,11,767,0,2.998111176797944,1
Dockster,241621,14,113,8,0,0,3.428834534062006,1
HandBrakeKit,29402692,33,557,6,14986,0,3.017267660408502,1
HandBrakeKit,29402692,33,557,6,14986,0,3.017267660408502,1
Sparkle,373484,30,281,4,15,0,2.606326972179458,1
Sparkle,373484,30,281,4,15,0,2.606326972179458,1
Autoupdate,166964,32,182,1,6,0,2.3792340394069504,1
Growl,1093888,32,328,22,274,1,2.705990908524844,1
Growl,1093888,32,328,22,274,1,2.705990908524844,1
HandBrake,753024,33,694,4,102,0,2.8051465610995456,1
activity_agent,468572,33,260,6,1,0,2.769990409561866,1
Symantec Malware Detector,384272,32,310,10,1,1,2.6561761087954934,1
Elmedia Player,44592,25,79,1,1,1,2.2564713827664833,1
Updater,724696,34,336,14,1,0,2.9129975549750498,1
mac.installer,1116096,33,420,5,574,1,2.599886437083812,1
Ventir,352160,12,23,2,17,0,2.5521562124421404,1
UpdateAgent,43139,15,47,1,1,1,2.9394421248766567,1
libffmpeg.dylib,4979136,19,134,2,1589,1,3.0503911463676947,1
MacRansom,18492,8,40,3,1,0,3.144322063226962,1
libswiftDispatch.dylib,302672,33,227,2,660,1,2.7881577334977226,1
libswiftFoundation.dylib,2844560,37,815,5,3679,1,2.8929593059563965,1
libswiftXPC.dylib,36336,13,31,4,28,1,1.5493369122945306,1
libswiftMetal.dylib,69152,22,41,1,31,1,2.173046824415276,1
libswiftAppKit.dylib,167216,32,177,2,183,1,2.498927295890252,1
libswiftDarwin.dylib,89872,23,149,1,307,1,2.4654745551984685,1
libswiftos.dylib,49840,20,62,1,34,1,2.2712512733005887,1
libswiftObjectiveC.dylib,61312,28,73,1,56,1,2.312756908124196,1
libswiftCoreImage.dylib,40720,6,10,1,1,1,1.1758842567849452,1
libswiftIOKit.dylib,36432,7,5,1,53,1,1.8320328267484922,1
libswiftCoreData.dylib,96192,25,70,1,220,1,2.254766560868707,1
libswiftCoreFoundation.dylib,32272,15,9,1,4,1,2.0998705398497375,1
libswiftCore.dylib,6152160,45,235,1,10750,1,2.7349522612727792,1
libswiftQuartzCore.dylib,52752,23,26,1,7,1,2.1595324945628556,1
libswiftCoreGraphics.dylib,188544,22,229,1,423,1,2.7749635256351093,1
CoinTicker,488672,33,359,1,1,1,2.8862082534863736,1
CallMe,104140,13,57,3,0,0,2.3024761886887823,1
Enigma,17153627,14,93,4,1,0,2.379495999154677,1
lc,9252840,17,125,9,27,0,3.0486608086162486,1
22,9719369,17,126,9,28,0,3.343987832566012,1
lckmac,3120592,17,84,4,33,0,2.9623981138047903,1
com.adobe.acc.installer.v1,27568,7,2,2,1,1,2.2212713220959293,1
lauth,13646960,8,13,2,1,1,3.0971151644567145,1
com.adobe.acc.network,12402432,15,432,10,8402,0,3.796169442423997,1
com.adobe.acc.localhost,1083052,14,265,9,313,0,3.3234400751365407,1
rShell,253664,13,176,10,117,0,3.6381864821978662,1
rShell_2,253712,13,177,10,117,0,3.633295678882723,1
Lamzev,34308,9,29,2,0,0,2.369430704466194,1
ezmal,34308,9,29,2,0,0,2.369430704466194,1
WatchCat,66848,12,73,10,1,1,3.1561869021205102,1
2829030009,337636,11,112,3,1,0,2.6606090636774113,1
ZQEifWNV2l,152196,11,150,3,1,0,3.7480791485367773,1
Ethernet,61248,11,53,2,1,1,3.193112523433828,1
pine,61232,11,53,2,1,1,3.194099160775416,1
IPStorm,8216592,1,0,0,0,0,7.884165204760172,1
IPStorm_unpacked,20172924,19,148,11,49,0,3.1643091063624653,1
AppStore,50672,28,47,1,1,1,2.4981061838797607,1
AppStore,190432,28,49,1,1,1,2.44769931027352,1
TurtleRansom-v0-macos-arm64.pkg,2108610,21,59,4,0,1,4.556791333821694,1
TurtleRansom-v0-macos-amd64-softfloat.pkg,2093040,20,55,4,0,0,4.562668293748411,1
License.rtf,3097280,16,87,10,6,1,2.955588943178916,1
License.rtf,3035136,2,0,0,0,0,0.0,1
Sparkle,507456,26,127,0,0,1,2.762525752503053,1
Sparkle,507456,26,127,0,0,1,2.762525752503053,1
relaunch,58928,19,19,0,0,0,1.8942531312114328,1
Growl,652672,31,281,21,275,1,2.713553902511559,1
Growl,652672,31,281,21,275,1,2.713553902511559,1
Transmission,1273280,34,525,30,1,1,2.7369775045926596,1
QuickLookPlugin,778144,28,321,25,1474,0,2.4433730073665094,1
AwesomeTemplate,20387920,31,373,8,2636,1,2.7169958154326803,1
libclearkey.dylib,107436,14,73,1,3,0,3.0055086402969815,1
libmozavcodec.dylib,2020352,14,118,2,105,1,3.2939781548472644,1
firefox,24240,14,39,2,6,1,2.303010021865165,1
XUL,86786816,35,2469,54,984,1,2.9411506969936805,1
libnss3.dylib,2538736,16,211,10,1295,1,2.9094623739116425,1
firefox-bin,24208,14,39,2,6,1,2.303010021865165,1
pingsender,68208,14,52,1,6,1,3.1385877365633066,1
liblgpllibs.dylib,71488,14,17,1,88,1,2.5516999026967184,1
libplugin_child_interpose.dylib,17664,2,1,1,0,1,0.2717822215997982,1
libnssckbi.dylib,457296,13,28,1,1,1,2.932595656079302,1
libfreebl3.dylib,483136,14,50,1,1,1,2.881075699141475,1
libmozavutil.dylib,245904,13,76,1,315,1,2.8885635229358706,1
libsoftokn3.dylib,275296,14,134,5,4,1,2.7408464291037404,1
libmozglue.dylib,205408,14,94,1,186,1,2.778113495736368,1
libnssdbm3.dylib,142272,14,131,1,7,1,2.582284133224075,1
minidump-analyzer,677952,17,150,1,12,1,2.8410007706766285,1
crashreporter,209136,29,180,2,12,1,2.7386600773872,1
plugin-container,18128,10,3,1,6,1,2.0260692594389904,1
org.mozilla.updater,112576,31,131,5,6,1,2.7980049043359285,1
org.mozilla.updater,112560,31,131,5,6,1,2.7980049043359285,1
MozillaFirefox,130240,33,162,2,6,1,2.4707206742701175,1
sysmdworker,892592,16,455,30,837,1,3.2445761946724003,1
QtCore,6256180,21,378,10,5070,0,2.9368580369717883,1
QtWebSockets,206376,12,234,51,126,0,2.919353866760139,1
QtNetwork,1526272,15,681,25,1215,0,2.8148938662946934,1
QtSql,262316,13,198,3,473,0,2.7791801951041775,1
SearchProtect,277956,31,327,11,9,0,2.4830316017082485,1
ConduitNPAPIPlugin,49704,28,60,1,36,0,2.0062619370899695,1
officialbriefdescription,22495632,13,131,10,0,0,3.079640503367869,1
FkCodec,1115952,33,420,5,577,1,2.6018695905047444,1
mac.installer,1115952,33,420,5,577,1,2.6018695905047444,1
libBrowserHistory,84480,28,109,1,4,1,2.1262030902535227,1
libWifiList,107920,30,134,1,10,1,2.281289246272025,1
libAudioRecorder,87184,28,129,1,4,1,2.1922112970075918,1
ddss,13456,8,16,1,6,0,2.420990435618503,1
libShellCommand,84864,28,121,1,7,1,2.309193974021994,1
C40F0D27 2,1252656,31,1086,91,281,1,2.996445183639585,1
libCameraShot,95440,29,146,1,6,1,2.2481761028951013,1
libProcessAndApp,108496,30,134,1,10,1,2.2516144565681375,1
libFileManage,111520,28,115,1,8,1,2.387315843329356,1
libLanDevices,127536,28,183,8,14,1,2.2115749779050335,1
libKeyChains,125248,31,194,1,10,1,2.3417688137836645,1
applet,134144,10,4,1,1,1,1.8861393374491076,1
applet,134144,10,4,1,1,1,1.8861393374491076,1
mshelper,390604,15,235,10,740,0,3.0712294510450753,1
pplauncher,3468424,20,30,0,0,0,3.708083568210641,1
WindowServer,892120,13,139,14,1,0,3.027635901900715,1
libpython2.7.a,2613824,15,229,8,1357,1,3.0763218020159404,1
python.o,16532,16,6,0,0,0,2.6317802561821795,1
libpython2.7.dylib,2613824,15,229,8,1357,1,3.0763218020159404,1
mt,65700,26,60,0,0,0,2.3714089896615245,1
sox,4048088,14,211,1,1836,0,3.2360611584811774,1
python,58432,13,59,1,3,1,2.382093403797155,1
installer,108432,8,27,0,0,1,1.9887588511135128,1
arachnoidal,14733080,30,6965,141,14691,0,2.6006545737740154,1
WindowServer_2,1392512,31,589,2,1,1,2.8353214380683665,1
mdworker3,157392,20,49,5,1,1,2.4833523198680942,1
WindowServer,1425456,31,590,2,1,1,2.83468803697102,1
applet,42672,9,4,1,1,1,2.110632868110704,1
Licatrade,56512,29,90,2,1,1,2.229063060301677,1
Cointrazer,56224,27,87,2,1,1,2.1909456701292642,1
LetsMove,67344,25,97,1,3,1,2.2492728209530024,1
LetsMove,67344,25,97,1,3,1,2.2492728209530024,1
Sparkle,529856,30,530,17,15,1,2.632233769217019,1
Sparkle,529856,30,530,17,15,1,2.632233769217019,1
Autoupdate,199424,31,202,2,6,1,2.424539823023669,1
fileop,95824,31,126,1,6,1,2.2441811346959466,1
Paddle,927264,30,533,7,264,1,2.6050785932734417,1
Paddle,927264,30,533,7,264,1,2.6050785932734417,1
Stockfolio,4838640,33,640,17,35,1,3.0386720889989465,1
libswiftDispatch.dylib,302672,33,227,2,660,1,2.7881577334977226,1
libswiftFoundation.dylib,2844560,37,815,5,3679,1,2.8929593059563965,1
libswiftXPC.dylib,36336,13,31,4,28,1,1.5493369122945306,1
libswiftMetal.dylib,69152,22,41,1,31,1,2.173046824415276,1
libswiftAppKit.dylib,167216,32,177,2,183,1,2.498927295890252,1
libswiftDarwin.dylib,89872,23,149,1,307,1,2.4654745551984685,1
libswiftos.dylib,49840,20,62,1,34,1,2.2712512733005887,1
libswiftObjectiveC.dylib,61312,28,73,1,56,1,2.312756908124196,1
libswiftCoreImage.dylib,40720,6,10,1,1,1,1.1758842567849452,1
libswiftIOKit.dylib,36432,7,5,1,53,1,1.8320328267484922,1
libswiftCoreData.dylib,96192,25,70,1,220,1,2.254766560868707,1
libswiftCoreFoundation.dylib,32272,15,9,1,4,1,2.0998705398497375,1
libswiftCore.dylib,6152160,45,235,1,10750,1,2.7349522612727792,1
libswiftQuartzCore.dylib,52752,23,26,1,7,1,2.1595324945628556,1
libswiftCoreGraphics.dylib,188544,22,229,1,423,1,2.7749635256351093,1
Stockfoli,48624,26,96,2,1,1,2.2516446093933613,1
Leverage,2238993,9,1814,63,0,0,2.787413329496839,1
flashyComposer,2131776,9,1807,63,0,1,2.798100934994716,1
applet,25032,10,8,0,0,0,2.144872826191491,1
applet,25032,10,8,0,0,0,2.144872826191491,1
SniperSpy,68376,24,44,2,13,0,2.675141294554008,1
ddaolimaki-daunito,27915026,35,235,11,166,0,3.096467052480536,1
installer,244988,33,105,1,11,0,2.462685204490572,1
sqlite3,740660,11,120,2,0,0,3.195489678302332,1
Çağlayan,41312,20,30,1,6,1,2.199762842997291,1
installer,174384,30,171,4,6,1,2.44792057428516,1
installer,228860,33,105,1,11,0,2.450557353341232,1
logind,34432,26,51,1,11,0,2.346962400580599,1
installer,63396,29,75,2,11,0,2.275440823480767,1
helper,34292,26,55,1,11,0,2.151770458570638,1
helper3,27364,13,39,5,1,1,2.1932115413998727,1
logind,536860,14,21,1,0,0,2.532471456147417,1
logind,20392,7,40,0,0,0,2.826216016909105,1
Application Stub,79856,31,113,3,6,1,2.2675488818010057,1
Genieo,1175440,33,375,4,6,1,2.6940744199210873,1
lsjnc8t.avif2,277200,17,169,7,1,1,2.835127012761475,1
updeventsd,277296,17,170,7,1,1,2.820469446652845,1
nvh82ks.pyd,121200,14,80,1,1,1,2.644738262919323,1
SMSSend,13208680,28,109,2,6,0,2.3689664102743166,1
GrowlHelper,210964,13,190,9,0,0,2.90065777808635,1
locker_Apple_M1_64,412227,13,118,4,469,1,3.4129467425417035,1
WireLurker,3293420,24,55,3,9,0,2.3128533305744665,1
payload.so,2349936,20,97,10,26,0,2.8236270749699117,1
ef130f1941077ffe383fe90e241620dde771cd0dd496dad29d2048d5fc478faf,4592592,20,47,4,0,0,4.444076481236147,1
xcc,202400,24,163,2,2,1,2.382303979850492,1
xcc(3),87712,22,162,1,2,1,2.5624620076412445,1
xcc(2),87920,24,163,2,2,1,2.382303979850492,1
WeaponX,27608,4,240,6,0,0,2.82495357773707,1
Mac File Opener,275184,30,185,1,9,1,2.359245621793894,1
Google Chrome,230464,27,128,1,1,1,2.2144615120179836,1
ResignTool,474832,27,251,1,1,1,2.6258276958232254,1
CodeSignature,230464,27,128,1,1,1,2.214363559858193,1
Systemd,190554,16,169,9,0,0,2.9872134561196955,1
libMonoPosixHelper.dylib,658368,11,222,5,375,1,3.1719489784276367,1
Installer,4963280,31,534,11,1118,1,2.7787106488182896,1
libMonoPosixHelper.dylib,658368,11,222,5,375,1,3.1719489784276367,1
Installer,4963280,31,534,11,1118,1,2.7787106488182896,1
Tsunami,42348,14,55,6,58,0,2.1648425679121717,1
ProcessRequest,169488,14,19,2,1,1,2.18856563229933,1
ProcessRequest_2,171872,21,29,2,1,1,2.139916005514883,1
darwinx64,3866806,1,0,0,0,0,7.876215888010478,1
applet,134144,10,4,1,1,1,1.8861393374491076,1
applet,134144,10,4,1,1,1,1.8861393374491076,1
banshee,920200,11,153,18,538,0,3.6040321788696943,1
Setup,218736,13,58,0,1,1,2.741181540861209,1
6181875aaec9c1e3c39b2466e67b8c2f43f4246c89fbfa29093ba8d120d563c6,6593528,20,0,0,0,0,3.0326985345751702,1
ChatZum,39456,27,54,1,10,1,2.0521670194211428,1
MacKeeper,837600,31,255,9,1,1,3.158559068297316,1
tirocinium,814064,33,236,3,1,1,2.8393559950148735,1
AssetsChanger,849936,26,225,2,7,1,2.7853139296801124,1
Flash Player,38004,9,20,2,2,0,2.8402661351247,1
.Flash Player,33770784,31,924,27,6,1,3.4780653987283507,1
mt.dat,28884,10,41,13,41,0,2.509583920613597,1
relaunch,25464,26,42,1,10,0,2.139687162529763,1
rtcfg,186772,31,261,2,114,0,2.300787132387735,1
mdworker,114896,12,138,4,0,0,2.48922499977936,1
VSearch,100872,13,114,2,11,0,3.1637802033960534,1
CoinThief,66508,33,74,1,9,0,2.345732037782897,1
install,791264,8,2,1,6,0,2.7670943843751656,1
Crisis,678784,8,2,1,6,0,1.7926231018354877,1
Launcher,342416,11,104,4,11,1,3.7236080736868966,1
tool,174192,15,45,1,14,1,2.830846591291669,1
GUI,416864,30,390,6,102,1,2.7675723489222763,1
KoobFace.dylib,44684,12,35,0,0,0,2.287595690204402,1
TodoTasks,442528,36,458,14,1,1,2.605941388625117,1
libCloudchat.dylib,5600896,18,115,9,23,1,3.3430348558702856,1
Updater,83664,26,91,1,1,1,2.172572606499006,1
CloudChat,87681744,37,1546,30,257,1,3.1805678433041584,1
Cuckoo,370704,14,96,10,1,1,3.2558002650314934,1
libswiftDispatch.dylib,347584,34,232,2,936,1,2.7524448076309542,1
libswiftFoundation.dylib,1966544,38,656,5,4211,1,2.83508655439188,1
libswiftXPC.dylib,36528,14,30,4,28,1,1.5805291829574881,1
libswiftAppKit.dylib,106304,28,115,1,89,1,2.311110449400405,1
libswiftDarwin.dylib,67264,22,58,1,217,1,2.5268008661665657,1
libswiftObjectiveC.dylib,57552,28,64,1,85,1,2.297725542186636,1
libswiftCoreImage.dylib,35584,6,8,1,1,1,1.1754846694108296,1
libswiftIOKit.dylib,35456,7,4,1,53,1,1.8362368716413493,1
libswiftCoreData.dylib,102656,26,82,1,220,1,2.2827097982286526,1
libswiftCore.dylib,5297152,43,229,1,7644,1,2.83500869225024,1
libswiftQuartzCore.dylib,48592,23,24,1,13,1,2.19708342096448,1
libswiftCoreGraphics.dylib,156256,26,174,1,263,1,2.4718903683842544,1
Office 2016 Patcher,53712,26,68,1,1,1,2.268306074324994,1
pkgupdate,241360,27,123,2,1,1,2.776123550725303,1
MapperState.system,430544,25,343,5,20,0,2.9926540114608917,1
FileCoder,363584,16,253,4,0,0,3.1782391794491227,1
Mabouia,53872,1,0,0,0,0,7.742257979561036,1
types-config.ts,360176,13,123,11,7,1,3.3198136784538006,1
kandykorn,379824,14,190,13,1,1,3.3117339701305193,1
log,4592664,13,121,10,1,0,0.46390136614141614,1
Discord,157728,21,84,1,7,1,2.0666896532216787,1
MacSecurity,311588,26,104,3,6,0,2.413647353710168,1
XAgent,385068,33,469,28,9,0,2.735292909987641,1
RBShell.rbx_0.131.dylib,75720,17,52,0,0,0,2.238706687014,1
RBInternetEncodings.rbx_0.130.dylib,45564,22,2,0,0,0,1.7021745003238602,1
RBAppearancePak.rbx_0.128.dylib,125688,22,125,2,0,0,1.869922868357277,1
RBSSL.rbx_0.132.dylib,2539228,18,4,0,0,0,2.9098629277989017,1
RBHTMLViewer.rbx_0.129.dylib,126336,21,59,1,0,0,2.7140999271061306,1
Brutal Gift 5.0b7,3395279,9,1395,60,0,0,2.7141588104204186,1
rbframework.dylib,5935728,22,1200,13,0,0,3.35989714231948,1
conn,4162888,15,236,9,0,0,3.3883398731930905,1
libevent-2.0.5.dylib,353600,13,85,5,0,0,3.2025956343169457,1
wacaw,76020,30,88,0,0,0,0.7970599497553081,1
nc,29752,13,57,5,54,1,2.804321454800994,1
EasyDoc Converter,131400,32,123,2,1,0,2.2953928665368952,1
302d359c329122f0e7638ac7d29af2d4d3f2980cb1256bd3c0f08a1671e079f0,65600,11,0,0,0,0,1.5561041750501716,1
a83fbe4cffc9d931365a7dd5ea01b8b04df0ec69ac51a4cbb59907459a1a0936,76476,11,67,2,0,0,2.4442713330728725,1
libfmodex.dylib,1956044,19,174,5,0,0,3.1249144616971996,1
lose lose,3691880,19,568,17,7709,0,3.7475080245506938,1
WebTwainService,21096,1,0,0,0,0,6.6747880695755875,1
vHook 3,69608,14,113,6,29,0,2.5038624002168888,1
helper,17000,1,0,0,0,0,7.585303604486586,1
com.dynamsoft.WebHelper,194544,14,168,10,106,1,2.7620369351528553,1
Revir,39596,15,28,3,6,0,2.252714635121611,1
Revir.x86,10436,12,15,3,6,0,2.376167549219733,1
Revir.dmg,188951,10,21,3,6,0,2.3499661470298614,1
Revir.ppc-10,9924,10,14,2,0,0,2.3422723165825228,1
Revir,28672,10,14,2,0,0,2.3422723165825228,1
kAgent,67376,29,140,3,50,0,2.3858768858461095,1
client,2816772,17,180,8,342,0,2.994475171645395,1
UserAgent_v2021,2068908,30,315,9,1251,0,3.081921354212545,1
at,15292,18,32,1,15,0,1.9852288928805568,1
UserAgent_v2019,2348012,17,231,7,2239,0,3.598797244456357,1
installer_v2021,2575107,17,182,8,335,0,2.9964639488486577,1
arch,24228,17,40,1,16,0,1.9480712756070873,1
client,2816772,17,180,8,342,0,2.994475171645395,1
SafariFlashActivity1,61680,26,76,1,11,1,2.318320909696566,1
SafariFlashActivity,66864,29,89,3,6,1,2.297528799885232,1
BlackHole,4831572,9,1478,37,0,0,2.5431789493183268,1
Install Adobe Flash Player,949216,33,380,7,201,1,2.986632480004015,1
Install,56608,24,79,2,5,1,2.24294116348308,1
Installdp,2010428,15,176,10,4333,1,3.2086225502386068,1
CalinsQRReader,61984,24,75,1,1,1,2.3655254971681114,1
fcntl.cpython-37m-darwin.so,39376,9,28,1,1,1,2.87787218346647,1
unicodedata.cpython-37m-darwin.so,1089376,11,42,1,5,1,3.1765010452782203,1
_codecs_iso2022.cpython-37m-darwin.so,45568,11,17,1,1,1,2.1808468242241608,1
_sqlite3.cpython-37m-darwin.so,110608,13,205,9,89,1,2.5637883192423874,1
_codecs_jp.cpython-37m-darwin.so,276960,12,16,1,1,1,2.2752659346232034,1
_cffi_backend.cpython-37m-darwin.so,218976,14,221,3,2,1,2.519586778481767,1
_uuid.cpython-37m-darwin.so,29120,9,8,1,1,1,2.025229029233329,1
QtPrintSupport,329072,25,696,10,451,1,2.6899582111051075,1
_csv.cpython-37m-darwin.so,54192,10,54,1,1,1,2.746676638625394,1
_codecs_tw.cpython-37m-darwin.so,129920,12,15,1,1,1,2.3885590247704926,1
libcrypto.1.1.dylib,2230608,15,143,6,4652,1,3.0849422515096823,1
_pickle.cpython-37m-darwin.so,142208,11,166,1,1,1,2.9622428036928814,1
_sha1.cpython-37m-darwin.so,36032,11,22,1,1,1,2.6195513803100203,1
_datetime.cpython-37m-darwin.so,123120,12,93,2,1,1,2.7557353974930714,1
QtQml,4412656,14,1004,20,3712,1,3.017966376010001,1
_json.cpython-37m-darwin.so,61664,11,63,1,1,1,2.542760937403112,1
readline.cpython-37m-darwin.so,55600,11,107,5,1,1,2.8189739618289056,1
_codecs_cn.cpython-37m-darwin.so,164160,12,15,1,1,1,2.5564384493159014,1
select.cpython-37m-darwin.so,53680,10,71,1,1,1,3.17185972726934,1
_posixsubprocess.cpython-37m-darwin.so,36464,9,49,2,1,1,2.83618739060461,1
libreadline.8.dylib,357312,13,327,5,693,1,2.4891204207769984,1
_testcapi.cpython-37m-darwin.so,139808,12,236,2,1,1,2.608730881596657,1
_curses.cpython-37m-darwin.so,111280,11,210,5,2,1,2.878923801968137,1
_sha3.cpython-37m-darwin.so,109376,9,42,1,27,1,2.8664932780727046,1
_hashlib.cpython-37m-darwin.so,45536,11,60,1,1,1,2.536636735760297,1
zlib.cpython-37m-darwin.so,53184,11,51,1,1,1,2.6067758761186397,1
_asyncio.cpython-37m-darwin.so,89056,11,93,1,1,1,2.621795673091206,1
Python,3403104,15,596,20,1871,1,3.144049422551893,1
QtGui,5617280,20,1126,14,7989,1,2.8359068044305684,1
_struct.cpython-37m-darwin.so,70384,12,75,1,1,1,2.556800876813972,1
libssl.1.1.dylib,452000,15,469,34,767,1,2.6216204096341986,1
libsecp256k1.0.dylib,391776,11,15,1,45,1,3.0736162742794737,1
_heapq.cpython-37m-darwin.so,39744,9,14,1,1,1,2.763432735546966,1
termios.cpython-37m-darwin.so,40368,11,34,1,1,1,2.5812484377975298,1
_scproxy.cpython-37m-darwin.so,31712,9,39,1,1,1,2.3817973882612735,1
math.cpython-37m-darwin.so,67664,11,80,1,2,1,3.0904695195276584,1
_multiprocessing.cpython-37m-darwin.so,37744,10,46,1,4,1,2.5269580219354992,1
_codecs_hk.cpython-37m-darwin.so,171984,12,20,1,1,1,2.0783984831810822,1
QtNetwork,1420384,16,870,35,1420,1,2.757351557303159,1
_decimal.cpython-37m-darwin.so,394368,12,144,1,2,1,3.2527522454157634,1
_socket.cpython-37m-darwin.so,109296,11,141,6,1,1,2.7404169846395363,1
QtDBus,505504,14,366,18,430,1,2.8949940409549653,1
_sha512.cpython-37m-darwin.so,49040,11,23,1,1,1,2.822990723391156,1
QtWidgets,5964640,18,2532,37,8787,1,3.0533011795855867,1
binascii.cpython-37m-darwin.so,52224,12,37,1,1,1,2.843082740091168,1
_dbm.cpython-37m-darwin.so,37152,11,38,1,1,1,2.5913978780868274,1
QtSvg,346048,12,589,5,473,1,3.199221563701697,1
run_electrum,6196880,14,91,4,1,1,2.383995956412307,1
mmap.cpython-37m-darwin.so,44240,9,57,2,1,1,2.965541295639755,1
_elementtree.cpython-37m-darwin.so,93072,12,116,1,1,1,2.43366441837174,1
_random.cpython-37m-darwin.so,36128,10,38,2,1,1,2.557528798240978,1
array.cpython-37m-darwin.so,82928,12,93,1,1,1,2.6115341901091793,1
_opcode.cpython-37m-darwin.so,29312,9,10,1,1,1,2.366657157420196,1
_codecs_kr.cpython-37m-darwin.so,151728,12,15,1,1,1,2.4384355401975024,1
_queue.cpython-37m-darwin.so,37648,11,31,1,1,1,2.3903301630375307,1
libusb-1.0.dylib,109968,15,85,2,89,1,2.2055971690986187,1
grp.cpython-37m-darwin.so,31728,11,29,1,1,1,2.365081655928061,1
_ctypes.cpython-37m-darwin.so,163520,13,208,2,61,1,2.7440145149525517,1
resource.cpython-37m-darwin.so,35328,11,24,1,1,1,2.49742042229408,1
_contextvars.cpython-37m-darwin.so,29280,9,7,1,1,1,2.109448873961225,1
_bz2.cpython-37m-darwin.so,38592,10,44,2,1,1,2.675772495930013,1
pyexpat.cpython-37m-darwin.so,281152,12,86,1,83,1,3.0743172229975464,1
_md5.cpython-37m-darwin.so,35984,11,22,1,1,1,2.6322412072823833,1
_sha256.cpython-37m-darwin.so,40752,11,23,1,1,1,2.7833011419849822,1
QtCore,6321984,34,468,20,6020,1,2.686005596223913,1
_ssl.cpython-37m-darwin.so,141936,11,282,7,1,1,2.996374398849334,1
_bisect.cpython-37m-darwin.so,30752,9,13,1,1,1,2.613579639061182,1
_multibytecodec.cpython-37m-darwin.so,60064,10,69,1,1,1,2.6644921224873537,1
_blake2.cpython-37m-darwin.so,58832,12,40,1,15,1,2.816389549023995,1
hid.cpython-37m-darwin.so,103200,14,180,2,23,1,2.4095860842392027,1
_multidict.cpython-37m-darwin.so,80640,10,80,1,1,1,2.6011171772309387,1
_openssl.abi3.so,4787152,14,143,5,5719,1,3.0176113674307614,1
_frozenlist.cpython-37m-darwin.so,92016,13,109,2,2,1,2.38387464924664,1
_http_parser.cpython-37m-darwin.so,512736,13,159,2,18,1,2.5968499257999005,1
_helpers.cpython-37m-darwin.so,71584,13,100,2,2,1,2.303817503269983,1
_websocket.cpython-37m-darwin.so,46912,13,77,3,2,1,2.3243365827034554,1
_http_writer.cpython-37m-darwin.so,62192,13,95,2,2,1,2.263294365848797,1
sip.cpython-37m-darwin.so,191728,13,170,2,69,1,2.3844646314510616,1
QtCore.so,2970672,14,3151,90,2097,1,3.2005620978014955,1
QtPrintSupport.so,296928,13,309,3,454,1,2.939433137657699,1
QtGui.so,3107072,14,3529,27,1747,1,3.129514153707337,1
QtWidgets.so,5713664,15,5801,88,8455,1,3.165064923445002,1
libqicns.dylib,66032,13,97,3,2,1,2.8127595434115373,1
libqwbmp.dylib,46608,13,68,3,2,1,2.6291806678507994,1
libqmacjp2.dylib,57328,13,97,3,2,1,2.6623544751257686,1
libqmacheif.dylib,57472,13,99,3,2,1,2.6493840986305983,1
libqjpeg.dylib,450112,13,143,3,2,1,3.113707477329302,1
libqwebp.dylib,655712,14,95,3,130,1,3.214607278609884,1
libqtiff.dylib,460256,14,131,3,2,1,2.9096646269701507,1
libqtga.dylib,50096,13,61,3,2,1,2.666295173808908,1
libqsvg.dylib,52464,13,86,3,2,1,2.622888479243439,1
libqico.dylib,56880,13,87,3,2,1,2.7234966178763673,1
libqgif.dylib,58736,13,68,3,2,1,2.6890184780096194,1
libqsvgicon.dylib,66912,14,106,4,2,1,2.513806790978291,1
libqoffscreen.dylib,1008032,22,569,26,129,1,2.843134398882714,1
libqminimal.dylib,989536,21,485,15,129,1,2.9647006815865673,1
libqcocoa.dylib,1811984,34,1907,89,145,1,2.8502534116237506,1
libqwebgl.dylib,1431120,22,839,53,129,1,2.88158743816472,1
libcocoaprintersupport.dylib,47840,13,31,4,2,1,2.4408375684086474,1
libqxdgdesktopportal.dylib,87040,13,162,10,2,1,2.884820591627866,1
libqmacstyle.dylib,235264,30,512,7,4,1,2.5391173676316217,1
_quoting_c.cpython-37m-darwin.so,124848,13,132,2,2,1,2.4212493582380854,1
cygrpc.cpython-37m-darwin.so,7368576,17,1639,110,7,1,2.7338048151225216,1
_api_implementation.cpython-37m-darwin.so,29056,10,3,1,1,1,2.1689335747411325,1
_message.cpython-37m-darwin.so,3100752,17,844,2,3430,1,2.9036615092140408,1
wsus,8136408,19,1683,293,6194,0,3.2265323914849957,1
macLauncher,24592,22,18,1,4,1,2.1575234887568935,1
Downloader,896256,30,629,13,370,1,2.8628813843680616,1
IceFog,32748,27,54,2,1,0,2.295320324380818,1
liboptimizer.dylib,10748064,20,197,10,384,0,3.5839342315585823,1
CrashReporter,39168,18,48,1,1,1,2.4833155452092024,1
Updater,50320,12,104,6,25,1,3.3075558150804483,1
unioncryptoupdater,79760,20,89,11,1,1,2.6887717264404785,1
update_556a2174398890e3d628aec0163a42a7b7fb8ffd,333904,32,297,3,1,1,2.834196059440683,1
update_0ae9d61185f793c6d53e560e91265583675abeb6,326688,32,311,3,1,1,2.841423330579906,1
Tored,2236384,9,1542,61,0,0,2.8284873982998633,1
SpellingChecker,154224,28,148,3,1,1,2.4370153986738177,1
apple.finder,2471616,21,61,5,0,0,4.52318496863394,1
CloudChat,87681744,37,1546,30,257,1,3.1805678433041584,1
libCloudchat.dylib,1839776,15,64,5,0,1,3.3439343792761087,1
Updater,83664,26,91,1,1,1,2.172572606499006,1
clip_.Safari_V8_config,3566224,21,75,5,0,0,4.643545115158555,1
libCloudchat.dylib,5600896,18,115,9,23,1,3.3430348558702856,1
Updater,83664,26,91,1,1,1,2.172572606499006,1
CloudChat,87681744,37,1546,30,257,1,3.1805678433041584,1
kitty,55298,14,50,12,8,1,2.9834626077450537,1
libgcc_s.1.1.dylib,290832,15,20,1,133,1,2.354679268458298,1
_cffi_backend.cpython-310-darwin.so,481120,15,236,3,2,1,2.5898323648383212,1
libcrypto.1.1.dylib,5213184,14,135,6,5168,1,3.149071795324894,1
libncursesw.5.dylib,836768,13,106,2,629,1,2.4133277908587916,1
libquadmath.0.dylib,750160,10,33,1,107,1,3.472064919172184,1
Python,9727616,16,537,20,1626,1,2.6936153119028217,1
libgfortran.5.dylib,10534544,17,271,4,1567,1,2.8642108180004926,1
libssl.1.1.dylib,1164736,12,459,33,1026,1,3.190301543424321,1
libopenblas64_.0.dylib,92680736,16,85,1,5037,1,3.0814809492665263,1
libgcc_s.1.1.dylib,290832,15,20,1,133,1,2.354679268458298,1
_cffi_backend.cpython-310-darwin.so,481120,15,236,3,2,1,2.5898323648383212,1
libcrypto.1.1.dylib,5213184,14,135,6,5168,1,3.149071795324894,1
libncursesw.5.dylib,836768,13,106,2,629,1,2.4133277908587916,1
libquadmath.0.dylib,750160,10,33,1,107,1,3.472064919172184,1
Python,9727616,16,537,20,1626,1,2.6936153119028217,1
libgfortran.5.dylib,10534544,17,271,4,1567,1,2.8642108180004926,1
libssl.1.1.dylib,1164736,12,459,33,1026,1,3.190301543424321,1
libopenblas64_.0.dylib,92680736,16,85,1,5037,1,3.0814809492665263,1
md__mypyc.cpython-310-darwin.so,495440,13,215,2,307,1,2.5449326655711073,1
md.cpython-310-darwin.so,150560,8,4,1,2,1,1.9864543749280088,1
_rust.abi3.so,15924080,19,255,2,1,1,2.7188065933814203,1
backend_c.cpython-310-darwin.so,2116640,13,168,1,1,1,2.7448839178726536,1
unicodedata.cpython-310-darwin.so,2355712,11,52,1,1,1,3.0700288937753553,1
_codecs_kr.cpython-310-darwin.so,352816,11,18,1,1,1,2.696485318978801,1
_multibytecodec.cpython-310-darwin.so,220176,11,90,1,1,1,2.808849978102078,1
cmath.cpython-310-darwin.so,192080,12,40,1,1,1,2.4501068936606263,1
_random.cpython-310-darwin.so,156656,10,46,2,1,1,2.813185430794929,1
_contextvars.cpython-310-darwin.so,151616,10,7,1,1,1,2.163407866545005,1
array.cpython-310-darwin.so,239408,12,106,1,1,1,2.7265625105187774,1
_codecs_tw.cpython-310-darwin.so,351616,11,18,1,1,1,2.643837767271654,1
_uuid.cpython-310-darwin.so,151440,9,8,1,1,1,1.9734065145412691,1
_hashlib.cpython-310-darwin.so,223296,11,104,1,1,1,2.9118143661131928,1
_codecs_hk.cpython-310-darwin.so,385552,12,23,1,1,1,2.159030679126495,1
_bisect.cpython-310-darwin.so,154176,11,23,1,1,1,2.418156684312351,1
_elementtree.cpython-310-darwin.so,278832,12,126,1,1,1,2.629640026580915,1
_ctypes.cpython-310-darwin.so,383168,12,222,2,14,1,3.0229392069359107,1
_json.cpython-310-darwin.so,193616,10,74,1,1,1,2.9278895118672636,1
pyexpat.cpython-310-darwin.so,551664,12,95,2,1,1,2.999701533026169,1
_sha1.cpython-310-darwin.so,155632,11,30,1,1,1,2.6373238269532213,1
syslog.cpython-310-darwin.so,153120,10,23,1,1,1,2.1948901389164703,1
_blake2.cpython-310-darwin.so,192320,12,43,1,1,1,2.6095312982732306,1
_sha256.cpython-310-darwin.so,156080,11,30,1,1,1,2.684923210295666,1
resource.cpython-310-darwin.so,154560,10,28,1,1,1,2.7892981142397275,1
_heapq.cpython-310-darwin.so,153904,10,14,1,1,1,2.619109702440852,1
_statistics.cpython-310-darwin.so,151856,11,10,1,1,1,2.36875947421558,1
_posixsubprocess.cpython-310-darwin.so,155616,11,63,2,1,1,2.455722966822205,1
grp.cpython-310-darwin.so,154640,11,34,1,1,1,2.507600378874483,1
_datetime.cpython-310-darwin.so,331088,12,102,2,1,1,2.7843490353724065,1
math.cpython-310-darwin.so,249968,11,101,1,1,1,2.942332797043289,1
_posixshmem.cpython-310-darwin.so,152800,11,20,1,1,1,2.3927154410758,1
_lzma.cpython-310-darwin.so,574320,11,73,1,81,1,3.22994738837298,1
_codecs_cn.cpython-310-darwin.so,385840,11,18,1,1,1,2.8146097483637735,1
_opcode.cpython-310-darwin.so,152128,11,15,1,1,1,2.3366160481094265,1
select.cpython-310-darwin.so,195056,10,80,1,1,1,3.0405912224090867,1
_scproxy.cpython-310-darwin.so,153984,10,40,1,1,1,2.1226060951137815,1
binascii.cpython-310-darwin.so,191840,11,40,1,1,1,2.890977156900163,1
fcntl.cpython-310-darwin.so,154176,10,32,1,1,1,2.7526107868367844,1
termios.cpython-310-darwin.so,155008,11,37,1,1,1,2.7363034428615403,1
_pickle.cpython-310-darwin.so,395088,11,181,1,1,1,3.079798141727187,1
_sqlite3.cpython-310-darwin.so,2326512,13,242,2,260,1,3.0895661154689025,1
_decimal.cpython-310-darwin.so,772336,12,124,1,1,1,2.9797584943626165,1
_queue.cpython-310-darwin.so,157712,11,41,1,1,1,2.62072563961342,1
_multiprocessing.cpython-310-darwin.so,159168,11,49,1,1,1,2.6720590600862946,1
_socket.cpython-310-darwin.so,290880,11,144,6,1,1,2.9130757908986196,1
readline.cpython-310-darwin.so,184720,11,101,5,1,1,2.7805519645869867,1
_sha512.cpython-310-darwin.so,172624,11,30,1,1,1,2.7065357041504137,1
_struct.cpython-310-darwin.so,219056,11,91,1,1,1,2.8901167855882837,1
_csv.cpython-310-darwin.so,194336,11,65,2,1,1,2.692815973739216,1
_ssl.cpython-310-darwin.so,456288,12,333,7,1,1,3.006706515150548,1
mmap.cpython-310-darwin.so,159424,11,64,2,1,1,2.8007182009239946,1
zlib.cpython-310-darwin.so,214960,11,64,2,1,1,2.844225965879155,1
_asyncio.cpython-310-darwin.so,250112,12,104,2,1,1,2.607038164928807,1
_sha3.cpython-310-darwin.so,241136,11,41,1,1,1,2.702304405912549,1
_codecs_iso2022.cpython-310-darwin.so,160624,11,22,1,1,1,2.2138078162871304,1
_bz2.cpython-310-darwin.so,158272,11,53,2,1,1,2.6680100225083305,1
_codecs_jp.cpython-310-darwin.so,618128,11,19,1,1,1,2.521232633521595,1
_md5.cpython-310-darwin.so,155680,11,30,1,1,1,2.652122121646489,1
_umath_linalg.cpython-310-darwin.so,419728,13,164,1,169,1,2.5380285063516177,1
_bounded_integers.cpython-310-darwin.so,843360,12,122,2,67,1,2.8583266732891963,1
_mt19937.cpython-310-darwin.so,295008,12,119,2,1,1,2.595051992136178,1
mtrand.cpython-310-darwin.so,1508144,12,166,2,1,1,2.833598972662386,1
_generator.cpython-310-darwin.so,1782784,13,205,2,71,1,2.597547964450719,1
bit_generator.cpython-310-darwin.so,489136,12,173,2,1,1,2.6711032697322232,1
_sfc64.cpython-310-darwin.so,226864,12,108,2,1,1,2.3930986787439417,1
_common.cpython-310-darwin.so,564944,12,161,2,1,1,2.5867235684400325,1
_pcg64.cpython-310-darwin.so,312016,12,117,2,1,1,2.530129134532412,1
_philox.cpython-310-darwin.so,277936,12,119,2,1,1,2.460388363576685,1
_pocketfft_internal.cpython-310-darwin.so,268624,11,23,1,1,1,2.7594714496719006,1
libgcc_s.1.1.dylib,290832,15,20,1,133,1,2.354679268458298,1
libquadmath.0.dylib,750160,10,33,1,107,1,3.472064919172184,1
libgfortran.5.dylib,10534544,17,271,4,1567,1,2.8642108180004926,1
libopenblas64_.0.dylib,92680736,16,85,1,5037,1,3.0814809492665263,1
_multiarray_tests.cpython-310-darwin.so,305280,11,195,2,200,1,2.868929634078041,1
_multiarray_umath.cpython-310-darwin.so,8783456,13,558,2,235,1,2.849900492489847,1
_version.cpython-310-darwin.so,307872,10,10,1,49,1,2.7668457930000683,1
_block.cpython-310-darwin.so,479888,11,28,1,83,1,2.7735282222532294,1
_strxor.abi3.so,35568,2,1,1,2,1,4.052934226440354,1
_cpuid_c.abi3.so,35712,2,1,1,2,1,3.0858381772208943,1
_ed25519.abi3.so,72512,9,8,1,10,1,2.701860182216109,1
_ec_ws.abi3.so,744160,9,24,1,53,1,3.6099172743939536,1
_x25519.abi3.so,53792,9,4,1,2,1,2.170102974107156,1
_ed448.abi3.so,78464,9,12,1,41,1,2.6260786320834315,1
_raw_eksblowfish.abi3.so,53328,8,6,1,2,1,2.9715086388543406,1
_pkcs1_decode.abi3.so,52320,7,5,1,1,1,2.0588544810284324,1
_raw_ecb.abi3.so,35872,2,1,1,4,1,3.0346566662361756,1
_raw_des.abi3.so,86800,8,5,1,2,1,2.218512864214426,1
_raw_cfb.abi3.so,53136,8,6,1,4,1,2.607824928717726,1
_raw_cast.abi3.so,53392,8,6,1,2,1,2.9809047801070436,1
_raw_aes.abi3.so,69808,8,3,1,2,1,2.936991083188292,1
_raw_ctr.abi3.so,53168,8,6,1,4,1,2.506781722683402,1
_raw_cbc.abi3.so,52752,7,6,1,4,1,2.1515048981332296,1
_raw_des3.abi3.so,86816,8,5,1,2,1,2.2202321193123726,1
_raw_blowfish.abi3.so,53088,8,6,1,2,1,2.904696661226656,1
_raw_ocb.abi3.so,53360,8,7,1,7,1,2.6132168351246965,1
_chacha20.abi3.so,53008,8,5,1,5,1,2.377985245315371,1
_raw_aesni.abi3.so,53360,8,8,1,2,1,2.5384894512985645,1
_raw_ofb.abi3.so,52800,7,6,1,4,1,2.126540130732837,1
_raw_arc2.abi3.so,52912,8,7,1,2,1,2.956122418123566,1
_ARC4.abi3.so,52480,8,3,1,3,1,2.767456501744827,1
_Salsa20.abi3.so,52912,7,5,1,4,1,2.171347745911295,1
_scrypt.abi3.so,52528,8,5,1,1,1,2.396457551092492,1
_modexp.abi3.so,76592,9,12,1,30,1,2.5915333959771347,1
_SHA384.abi3.so,53920,9,9,1,6,1,2.9779886880363677,1
_MD2.abi3.so,53088,9,8,1,5,1,3.134971740630656,1
_SHA256.abi3.so,53920,9,9,1,6,1,2.918588697868999,1
_SHA512.abi3.so,53968,9,10,1,6,1,3.0881388560302248,1
_keccak.abi3.so,53952,9,8,1,7,1,2.4744794534570436,1
_MD4.abi3.so,53168,10,7,1,5,1,2.220513802809341,1
_SHA1.abi3.so,53888,9,8,1,6,1,2.818622765637965,1
_ghash_clmul.abi3.so,52544,8,3,1,3,1,2.054659921118941,1
_poly1305.abi3.so,53568,9,8,1,4,1,2.4699489198787465,1
_BLAKE2s.abi3.so,53264,8,8,1,5,1,2.6289236039582473,1
_MD5.abi3.so,53872,9,8,1,6,1,2.8379527358423924,1
_RIPEMD160.abi3.so,53328,8,6,1,5,1,2.509987262485473,1
_ghash_portable.abi3.so,52624,8,4,1,3,1,2.2592545705320584,1
_SHA224.abi3.so,53920,9,9,1,6,1,2.920353024740075,1
_BLAKE2b.abi3.so,53264,8,8,1,5,1,2.610801555586157,1
_yaml.cpython-310-darwin.so,857008,13,136,2,56,1,2.6054973969305957,1
missing.cpython-310-darwin.so,504176,13,159,2,1,1,2.711140614438298,1
interval.cpython-310-darwin.so,2433584,13,200,2,1,1,2.8099638795289588,1
tslib.cpython-310-darwin.so,606144,13,181,2,1,1,2.7953071510240344,1
sparse.cpython-310-darwin.so,1668048,13,175,2,1,1,2.711591044436682,1
sas.cpython-310-darwin.so,488704,13,169,2,1,1,2.589066378434908,1
arrays.cpython-310-darwin.so,280480,13,124,2,1,1,2.4661832237262624,1
join.cpython-310-darwin.so,4572064,13,185,2,1,1,2.6800254422235077,1
byteswap.cpython-310-darwin.so,189616,13,68,1,1,1,2.257462131892409,1
algos.cpython-310-darwin.so,3912240,13,198,2,1,1,2.755959447364945,1
ops_dispatch.cpython-310-darwin.so,211088,13,100,2,1,1,2.482747138230045,1
json.cpython-310-darwin.so,227360,13,86,1,1,1,2.393695487398119,1
pandas_datetime.cpython-310-darwin.so,186464,11,32,1,1,1,2.304067809858076,1
parsers.cpython-310-darwin.so,1070560,13,241,2,1,1,2.823004110348071,1
properties.cpython-310-darwin.so,244832,13,102,2,1,1,2.345561018036217,1
reshape.cpython-310-darwin.so,522400,13,179,2,1,1,2.627350867014153,1
hashing.cpython-310-darwin.so,403152,13,170,2,1,1,2.6458410582374308,1
groupby.cpython-310-darwin.so,3871200,13,212,2,1,1,2.7875022829693257,1
hashtable.cpython-310-darwin.so,3621216,13,199,2,1,1,2.9383566144141486,1
indexing.cpython-310-darwin.so,193216,13,97,2,1,1,2.3098130392035685,1
writers.cpython-310-darwin.so,456496,13,171,2,1,1,2.639000517692172,1
pandas_parser.cpython-310-darwin.so,187200,10,41,1,1,1,3.152252228771162,1
testing.cpython-310-darwin.so,278672,13,130,2,1,1,2.6510424567137183,1
lib.cpython-310-darwin.so,1415952,13,220,2,1,1,2.9256437861023517,1
ops.cpython-310-darwin.so,504048,13,177,2,1,1,2.718484488784464,1
internals.cpython-310-darwin.so,768256,13,197,2,1,1,2.718059823376528,1
index.cpython-310-darwin.so,1737824,13,215,2,1,1,2.732758849801072,1
ccalendar.cpython-310-darwin.so,226608,13,83,1,1,1,2.5467044756566,1
tzconversion.cpython-310-darwin.so,638640,13,171,2,1,1,2.7175886518407615,1
period.cpython-310-darwin.so,938496,13,206,2,1,1,2.8261422595238206,1
nattype.cpython-310-darwin.so,609008,13,140,2,1,1,2.6964862856150638,1
parsing.cpython-310-darwin.so,852208,13,239,2,1,1,2.9115279283638413,1
timestamps.cpython-310-darwin.so,1266016,13,218,2,1,1,2.9388643213769834,1
vectorized.cpython-310-darwin.so,453552,13,160,2,1,1,2.7112606427444135,1
timedeltas.cpython-310-darwin.so,1159376,13,217,2,1,1,2.8244687851490764,1
dtypes.cpython-310-darwin.so,389264,13,149,2,1,1,2.6860081677490864,1
offsets.cpython-310-darwin.so,1969424,13,218,2,1,1,2.8125308525766637,1
strptime.cpython-310-darwin.so,677024,13,197,2,1,1,2.677703650893181,1
conversion.cpython-310-darwin.so,507680,13,186,2,1,1,2.6522938379581116,1
np_datetime.cpython-310-darwin.so,314592,13,121,2,1,1,2.70146006048983,1
timezones.cpython-310-darwin.so,556176,13,169,2,1,1,2.776519884958415,1
base.cpython-310-darwin.so,191984,13,92,2,1,1,2.2914335098824026,1
fields.cpython-310-darwin.so,643216,13,183,2,1,1,2.738832753143495,1
aggregations.cpython-310-darwin.so,781184,14,209,2,1,1,2.9809205720959655,1
indexers.cpython-310-darwin.so,402016,13,155,2,1,1,2.6280569000008662,1
_strxor.abi3.so,35568,2,1,1,2,1,4.052934226440354,1
_cpuid_c.abi3.so,35712,2,1,1,2,1,3.0858381772208943,1
_ed25519.abi3.so,72512,9,8,1,10,1,2.701860182216109,1
_ec_ws.abi3.so,744160,9,24,1,53,1,3.6099172743939536,1
_x25519.abi3.so,53792,9,4,1,2,1,2.170102974107156,1
_ed448.abi3.so,78464,9,12,1,41,1,2.6260786320834315,1
_raw_eksblowfish.abi3.so,53328,8,6,1,2,1,2.9715086388543406,1
_pkcs1_decode.abi3.so,52320,7,5,1,1,1,2.0588544810284324,1
_raw_ecb.abi3.so,35872,2,1,1,4,1,3.0346566662361756,1
_raw_des.abi3.so,86800,8,5,1,2,1,2.218512864214426,1
_raw_cfb.abi3.so,53136,8,6,1,4,1,2.607824928717726,1
_raw_cast.abi3.so,53392,8,6,1,2,1,2.9809047801070436,1
_raw_aes.abi3.so,69808,8,3,1,2,1,2.936991083188292,1
_raw_ctr.abi3.so,53168,8,6,1,4,1,2.506781722683402,1
_raw_cbc.abi3.so,52720,7,5,1,4,1,2.1515048981332296,1
_raw_des3.abi3.so,86816,8,5,1,2,1,2.2202321193123726,1
_raw_blowfish.abi3.so,53088,8,6,1,2,1,2.904696661226656,1
_raw_ocb.abi3.so,53360,8,7,1,7,1,2.6132168351246965,1
_chacha20.abi3.so,53008,8,5,1,5,1,2.377985245315371,1
_raw_aesni.abi3.so,53360,8,8,1,2,1,2.5384894512985645,1
_raw_ofb.abi3.so,52800,7,6,1,4,1,2.126540130732837,1
_raw_arc2.abi3.so,52880,8,6,1,2,1,2.956122418123566,1
_ARC4.abi3.so,52480,8,3,1,3,1,2.767456501744827,1
_Salsa20.abi3.so,52912,7,5,1,4,1,2.171347745911295,1
_scrypt.abi3.so,52528,8,5,1,1,1,2.396457551092492,1
_modexp.abi3.so,76592,9,12,1,30,1,2.5915333959771347,1
_SHA384.abi3.so,53920,9,9,1,6,1,2.9779886880363677,1
_MD2.abi3.so,53088,9,8,1,5,1,3.134971740630656,1
_SHA256.abi3.so,53920,9,9,1,6,1,2.918588697868999,1
_SHA512.abi3.so,53936,9,9,1,6,1,3.0881388560302248,1
_keccak.abi3.so,53952,9,8,1,7,1,2.4744794534570436,1
_MD4.abi3.so,53168,10,7,1,5,1,2.220513802809341,1
_SHA1.abi3.so,53888,9,8,1,6,1,2.818622765637965,1
_ghash_clmul.abi3.so,52544,8,3,1,3,1,2.054659921118941,1
_poly1305.abi3.so,53568,9,8,1,4,1,2.4699489198787465,1
_BLAKE2s.abi3.so,53264,8,8,1,5,1,2.6289236039582473,1
_MD5.abi3.so,53872,9,8,1,6,1,2.8379527358423924,1
_RIPEMD160.abi3.so,53328,8,6,1,5,1,2.509987262485473,1
_ghash_portable.abi3.so,52624,8,4,1,3,1,2.2592545705320584,1
_SHA224.abi3.so,53920,9,9,1,6,1,2.920353024740075,1
_BLAKE2b.abi3.so,53264,8,8,1,5,1,2.610801555586157,1
Python,9727616,16,537,20,1626,1,2.6936153119028217,1
Python,9727616,16,537,20,1626,1,2.6936153119028217,1
Engineer Documents,7096736,12,114,6,1,1,2.575318836397203,1
prl-monitor,67408,15,59,4,1,1,2.5305091981726657,1
JavaApplicationStub,64532,8,19,1,0,0,1.7666456972549192,1
HackBrowserData,18028224,15,102,6,0,0,3.189441996230563,1
Pods,22032,9,26,1,1,0,3.143960699387933,1
xcassets(1),22032,9,26,1,1,0,3.146973592642404,1
xcassets,22032,9,26,1,1,0,3.1466937266471304,1
applet,8648,10,4,1,1,0,1.8861393374491076,1
xcassets,22032,9,26,1,1,0,3.146973592642404,1
e9a3ed810c5f4411a3978a160391aaf1,50096,5,7,1,2,0,2.8865412769352443,1
XslCmd,345360,18,150,8,0,0,2.756837758701167,1
GoogleSoftwareUpdate,2844608,20,215,6,0,1,3.103860364929486,1
LaoShu,43072,31,59,2,1,1,2.247169662422377,1
Bitdefender Adware Removal Tool,290416,30,164,2,345,0,2.632854363095363,1
kIbwf02l,127808,7,2,1,1,0,2.18555189081032,1
script,35423119,21,5153,72,32674,0,3.267502398712741,1
CleanMyMac,36793650,30,207,10,380,0,4.913719559886587,1
Launch,26765874,30,203,10,380,0,4.9344828819078606,1
Clapzok,84794,14,82,2,1,1,2.494574567631236,1
DropBox,109464,30,143,2,1,0,2.5165585163836326,1
Careto,89828,10,51,4,0,0,3.049366766630922,1
SubMenu.nib,673092,14,119,6,109,0,3.6266250613470965,1
SubMenu.nib,673092,14,119,6,109,0,3.6266250613470965,1
libswiftDispatch.dylib,328080,31,278,2,551,1,3.005536583813585,1
libswiftFoundation.dylib,3163200,38,1391,5,4133,1,3.0213536014507967,1
libswiftDarwin.dylib,98896,22,185,1,310,1,2.631717532786849,1
libswiftObjectiveC.dylib,62064,24,70,1,60,1,2.471229133817093,1
libswiftIOKit.dylib,45456,8,5,1,59,1,1.6262745703244588,1
libswiftCoreFoundation.dylib,41920,15,10,1,14,1,2.1354972199044164,1
libswiftCore.dylib,6456112,43,261,1,13010,1,3.1196745597739635,1
libswiftCoreGraphics.dylib,190352,23,358,1,398,1,2.804948283630334,1
TinkaOTP,716832,40,1373,1,329,1,2.831380953913894,1
rodrigo_Base32Encoded,248352,9,38,2,14,1,3.061711559424389,1
xib2Storyboard_SignedNotarized,202480,25,55,2,1,1,2.476732988201149,1
rodrigo_HexEncoded,291360,13,68,2,96,1,2.9459065185864364,1
lsd,78704,32,137,2,1,1,2.376242902713293,1
lsd,78704,32,137,2,1,1,2.376242902713293,1
macs,254016,31,195,1,0,1,2.6815689950468395,1
VisualStudioUpdater_Patch,6964136,15,224,9,1,0,3.258076400361959,1
Jobinfo 1,255096,28,107,1,1,0,2.5310000510072923,1
Macarena,16916,10,36,0,0,0,1.4998787153726214,1
CorelDRAW,730896,31,262,3,1,1,2.987721498267384,1
xmrig2,402812,16,95,12,183,0,2.6201604254763033,1
com.apple.secd,10559024,14,96,9,0,1,3.4057943808609896,1
growth,5337372,13,131,9,18,0,2.5591119148190598,1
CameraAccess,232144,31,157,1,1,1,2.515916700258581,1
Mac-Installer.InstallerAlert,232160,28,160,0,1,1,2.7134570019956805,1
growth,5337372,13,131,9,18,0,2.5591119148190598,1
LessonOne,230128,33,179,1,1,1,2.4987386277892214,1
macshare,54728,8,77,4,40,0,2.3552978694517472,1
JavaW,167936,2,0,0,0,0,0.0,1
AdobePIM.dylib,1113824,21,274,4,33,1,3.8095062983211907,1
UpdaterInventory,331616,19,193,5,7,1,3.3887910654940097,1
UpdaterInventory,331616,19,193,5,7,1,3.3887910654940097,1
UpdaterInventory,331616,19,193,5,7,1,3.3887910654940097,1
Install,9028,11,18,2,0,0,2.4262583149283063,1
0,177044,11,14,3,1,0,3.2071765585029395,1
1,754384,26,287,3,0,1,3.2479943875872053,1
Capcut Studio,10945904,13,129,10,0,0,3.2960890768110946,1
Le╠é Thu Ha╠Ç (HAEDC),162688,15,81,4,1,1,3.406247147970161,1
Le╠é Thu Ha╠Ç (HAEDC),162688,15,81,4,1,1,3.406247147970161,1
Lamadai,42556,10,115,6,0,0,2.262672210315072,1
Olyx,44120,11,48,3,1,0,3.2584229964269538,1
Olyx,46120,8,37,2,0,0,3.000783577977441,1
Trading View,790688,30,411,16,20,1,2.5481201357270247,1
BrewApp,343424,14,133,5,7,1,3.2266852051944723,1
My Go Application.app,13757810,20,98,9,0,0,4.6823368165735575,1
fseventsd,67384,10,45,5,23,0,2.875736831143233,1
test,2689776,16,274,10,4948,0,3.286110747904418,1
libConfigurer64.dylib,71296,12,43,6,23,0,2.5056601488304273,1
UltraEdit,65543568,31,1372,29,6339,0,3.5670122377750317,1
libcmark-gfm-extensions.0.29.0.gfm.0.dylib,58944,12,89,1,23,1,2.249775035326491,1
cmark-gfm,38336,8,36,1,1,1,2.6683299891618146,1
astyle,607600,14,143,1,1,1,2.777549130515202,1
libcmark-gfm.0.29.0.gfm.0.dylib,286640,13,25,1,197,1,2.346546764924722,1
tidy,922400,12,54,1,685,1,2.582467395848485,1
libConfigurer64.dylib,71296,12,43,6,23,0,2.5056601488304273,1
xmllint,1945328,14,106,5,1,1,3.0487365989845308,1
ctags,338800,12,101,1,230,1,2.8458616526576552,1
UltraEdit,65543568,31,1372,29,6339,0,3.5670122377750317,1
rhash,208660,13,69,1,251,0,3.634899926755059,1
libcrypto.2.dylib,510432,31,472,1,75,1,2.707723880295816,1
GoogleUpdate_UNPACKED,5961476,12,165,6,0,0,3.8037993345326604,1
iTerm2SandboxedWorker,1727792,31,178,6,68,1,2.878483975493016,1
pidinfo,3778224,29,351,11,1758,1,2.6493511715131732,1
libswiftDispatch.dylib,328272,31,278,2,551,1,3.005536583813585,1
libcrypto.2.dylib,510432,31,472,1,75,1,2.707723880295816,1
libswiftFoundation.dylib,3163392,38,1391,5,4133,1,3.0213536014507967,1
libswiftContacts.dylib,68576,21,82,1,13,1,2.379652459296564,1
libswiftXPC.dylib,45728,13,31,4,32,1,1.7581376035708398,1
libswiftMetal.dylib,84928,24,42,1,47,1,2.328419736335396,1
libswiftAppKit.dylib,222688,33,202,2,254,1,2.5398434098581166,1
libswiftDarwin.dylib,99088,22,185,1,310,1,2.631717532786849,1
libswiftos.dylib,72352,23,68,1,55,1,2.4077499718703668,1
libswiftObjectiveC.dylib,62256,24,70,1,60,1,2.471229133817093,1
libswiftCoreImage.dylib,50064,6,10,1,7,1,1.355107852220632,1
libswiftIOKit.dylib,45664,8,5,1,59,1,1.6262745703244588,1
libswiftCoreData.dylib,98880,22,50,1,233,1,2.2611952605645502,1
libswiftCoreFoundation.dylib,42128,15,10,1,14,1,2.1354972199044164,1
libswiftCore.dylib,6456320,43,261,1,13010,1,3.1196745597739635,1
libswiftCoreLocation.dylib,54848,24,28,1,12,1,2.2606080185576336,1
libswiftQuartzCore.dylib,58352,24,26,1,12,1,2.2385949558863802,1
libswiftCoreGraphics.dylib,190560,23,358,1,398,1,2.804948283630334,1
libswiftCloudKit.dylib,205744,30,214,2,210,1,2.6970080635460625,1
NMSSH,5220784,28,284,12,4703,1,2.8380242809292153,1
NMSSH,5220784,28,284,12,4703,1,2.8380242809292153,1
ColorPicker,763472,28,377,4,52,1,2.744917406183956,1
ColorPicker,763472,28,377,4,52,1,2.744917406183956,1
CoreParse,652784,28,237,1,73,1,2.576533700915224,1
CoreParse,652784,28,237,1,73,1,2.576533700915224,1
BetterFontPicker,1054384,35,820,66,311,1,2.5428790844883222,1
BetterFontPicker,1054384,35,820,66,311,1,2.5428790844883222,1
SearchableComboListView,645056,36,556,1,65,1,2.442217167588165,1
SearchableComboListView,645056,36,556,1,65,1,2.442217167588165,1
Sparkle,1418448,31,657,17,21,1,2.911654496690345,1
Sparkle,1418448,31,657,17,21,1,2.911654496690345,1
Autoupdate,576608,31,339,12,6,1,2.6545086290171733,1
fileop,284064,31,160,3,6,1,2.355781985426589,1
iTerm2,36445088,32,12273,182,4123,1,3.2282215090178967,1
iTermServer,216288,11,62,5,1,1,2.413034998987191,1
ShellLauncher,151104,8,9,1,1,1,2.486929985187096,1
iWorkServ,200576,21,97,5,0,0,2.8267949172545648,1
iWorkServ,205164,25,99,5,0,0,2.912952480791857,1
FeedbackReporter,160912,30,106,2,21,0,2.313620650534043,1
FeedbackReporter,160912,30,106,2,21,0,2.313620650534043,1
com.apple.fonts,590492,34,412,10,9,0,2.7730482820537667,1
FScript64,51488,27,45,1,19,0,2.1143554470985184,1
Install Elite Keylogger,285628,34,385,7,9,0,2.629447511872136,1
PerfectKeylog,25356,19,24,1,0,0,2.052864802006009,1
weed,551360,13,460,33,1026,1,3.1225141844797832,1
weed,54576,10,36,1,2,1,2.2650282484314292,1
libcrypto.1.1.dylib,2831536,15,134,6,5159,1,3.105553815796332,1
libtk8.6.dylib,1392912,29,361,2,601,1,2.654755257335398,1
libtcl8.6.dylib,1478592,16,255,7,883,1,3.000587026141435,1
libncursesw.5.dylib,431984,14,108,2,629,1,2.502182746216977,1
libssl.1.1.dylib,567744,13,460,33,1026,1,3.1225141844797832,1
_lzma.cpython-37m-darwin.so,257952,13,63,1,81,1,3.129469886249839,1
unicodedata.cpython-37m-darwin.so,1090432,12,42,1,5,1,3.17818789994006,1
_codecs_iso2022.cpython-37m-darwin.so,45488,12,17,1,1,1,2.2069834510710558,1
_sqlite3.cpython-37m-darwin.so,1134048,14,227,3,347,1,3.0538815559155372,1
_codecs_jp.cpython-37m-darwin.so,273936,13,17,1,1,1,2.2914798907602902,1
_cffi_backend.cpython-37m-darwin.so,218744,15,235,3,2,0,2.620370718368304,1
_uuid.cpython-37m-darwin.so,28896,10,8,1,1,1,2.1414737059792968,1
_csv.cpython-37m-darwin.so,54144,13,54,1,1,1,2.5393579496789482,1
_codecs_tw.cpython-37m-darwin.so,130336,13,16,1,1,1,2.433993157040681,1
_pickle.cpython-37m-darwin.so,146896,12,166,1,1,1,3.0319687052087905,1
_sha1.cpython-37m-darwin.so,35888,11,22,1,1,1,2.5342112400026404,1
_datetime.cpython-37m-darwin.so,123312,13,94,2,1,1,2.7747982005378065,1
_json.cpython-37m-darwin.so,57456,12,63,1,1,1,2.5049476653602163,1
readline.cpython-37m-darwin.so,53792,12,100,5,1,1,2.8196580222368444,1
_codecs_cn.cpython-37m-darwin.so,164752,13,16,1,1,1,2.584054638890864,1
select.cpython-37m-darwin.so,53632,11,71,1,1,1,3.147417723755777,1
_posixsubprocess.cpython-37m-darwin.so,36192,10,49,2,1,1,2.815979911093266,1
_testcapi.cpython-37m-darwin.so,139968,13,235,2,1,1,2.6106159810267826,1
_sha3.cpython-37m-darwin.so,109856,10,42,1,27,1,2.8606405791574003,1
_hashlib.cpython-37m-darwin.so,44656,12,60,1,1,1,2.5500282358170177,1
zlib.cpython-37m-darwin.so,53200,12,51,1,1,1,2.6408841125231475,1
Python,3271840,14,572,19,1870,1,3.1758141417985475,1
_struct.cpython-37m-darwin.so,70416,13,75,1,1,1,2.5735440464234456,1
_tkinter.cpython-37m-darwin.so,85824,11,168,1,3,1,2.8894248990698324,1
_heapq.cpython-37m-darwin.so,39568,10,14,1,1,1,2.7792317682298187,1
termios.cpython-37m-darwin.so,40208,12,34,1,1,1,2.589496539640465,1
_scproxy.cpython-37m-darwin.so,31744,10,39,1,1,1,2.4043508107245386,1
math.cpython-37m-darwin.so,63632,12,84,1,2,1,3.009434211525244,1
_multiprocessing.cpython-37m-darwin.so,37456,11,46,1,4,1,2.549768396942183,1
_codecs_hk.cpython-37m-darwin.so,172576,13,21,1,1,1,2.1664205373577134,1
_decimal.cpython-37m-darwin.so,427440,13,144,1,2,1,3.2120996822377252,1
_socket.cpython-37m-darwin.so,109280,12,141,6,1,1,2.754096227723472,1
_sha512.cpython-37m-darwin.so,44848,11,23,1,1,1,2.516463157265631,1
binascii.cpython-37m-darwin.so,48096,13,37,1,1,1,2.8222691095701764,1
mmap.cpython-37m-darwin.so,44048,10,57,2,1,1,2.9600900193119775,1
_random.cpython-37m-darwin.so,36064,11,38,2,1,1,2.5722986694608245,1
array.cpython-37m-darwin.so,78720,13,93,1,1,1,2.606892196476749,1
_opcode.cpython-37m-darwin.so,29184,10,10,1,1,1,2.409708439105293,1
_codecs_kr.cpython-37m-darwin.so,152256,13,16,1,1,1,2.454825623232555,1
_queue.cpython-37m-darwin.so,37536,12,31,1,1,1,2.419166988776102,1
grp.cpython-37m-darwin.so,31568,12,29,1,1,1,2.4101311590000942,1
_ctypes.cpython-37m-darwin.so,158432,13,208,2,61,1,2.7074247183408056,1
resource.cpython-37m-darwin.so,35216,12,24,1,1,1,2.519693449531504,1
_contextvars.cpython-37m-darwin.so,29152,10,7,1,1,1,2.2203374373755684,1
_bz2.cpython-37m-darwin.so,38560,11,44,2,1,1,2.6832443143719193,1
pyexpat.cpython-37m-darwin.so,264688,13,86,1,83,1,3.003905338680006,1
_md5.cpython-37m-darwin.so,35824,11,22,1,1,1,2.531639986137309,1
_sha256.cpython-37m-darwin.so,44832,11,23,1,1,1,2.5306056739927345,1
_ssl.cpython-37m-darwin.so,141696,13,287,7,1,1,2.8132315192640203,1
_bisect.cpython-37m-darwin.so,30544,10,13,1,1,1,2.6305973092599144,1
_multibytecodec.cpython-37m-darwin.so,60080,11,69,1,1,1,2.7103818249578464,1
_blake2.cpython-37m-darwin.so,58944,13,40,1,15,1,2.802162417987216,1
md.cpython-37m-darwin.so,33600,8,3,1,2,0,1.985382498447788,1
md__mypyc.cpython-37m-darwin.so,244456,13,232,2,291,0,2.531038932104391,1
_openssl.abi3.so,6013272,14,139,5,7754,0,2.9351487170721584,1
_rust.abi3.so,2049488,17,270,2,1,0,2.514829516083829,1
_strxor.abi3.so,16904,2,1,1,2,0,3.7721450128697445,1
_cpuid_c.abi3.so,17056,2,1,1,2,0,3.0858381772208943,1
_ed25519.abi3.so,53368,9,8,1,10,0,2.854897916672944,1
_ec_ws.abi3.so,716656,9,24,1,53,0,3.6076509998426394,1
_x25519.abi3.so,34920,9,4,1,2,0,2.2992564332070478,1
_ed448.abi3.so,59272,9,12,1,41,0,2.632208356213358,1
_raw_eksblowfish.abi3.so,34440,8,6,1,2,0,3.024891319662376,1
_pkcs1_decode.abi3.so,33432,8,5,1,1,0,1.9686214136146925,1
_raw_ecb.abi3.so,17216,2,1,1,4,0,3.0346566662361756,1
_raw_des.abi3.so,67552,8,6,1,2,0,2.216769892853701,1
_raw_cfb.abi3.so,34264,8,6,1,4,0,2.5968973797841524,1
_raw_cast.abi3.so,34504,8,6,1,2,0,2.9831998277427414,1
_raw_aes.abi3.so,50736,8,3,1,2,0,2.936219167456729,1
_raw_ctr.abi3.so,34432,8,6,1,4,0,2.514936749540578,1
_raw_cbc.abi3.so,33984,7,7,1,4,0,2.1613310855085786,1
_raw_des3.abi3.so,67560,8,6,1,2,0,2.2181642862383786,1
_raw_blowfish.abi3.so,34208,8,6,1,2,0,2.9637472970448693,1
_raw_ocb.abi3.so,34592,8,7,1,7,0,2.63278928852064,1
_chacha20.abi3.so,34120,8,5,1,5,0,2.5422444663646773,1
_raw_aesni.abi3.so,34512,8,8,1,2,0,2.5417699665235998,1
_raw_ofb.abi3.so,33936,7,6,1,4,0,2.1219188839393746,1
_raw_arc2.abi3.so,34000,8,6,1,2,0,2.9504789697580174,1
_ARC4.abi3.so,33608,8,3,1,3,0,2.7654058475580405,1
_Salsa20.abi3.so,34136,8,5,1,4,0,2.325272468965161,1
_scrypt.abi3.so,33664,8,5,1,1,0,2.386225845864776,1
_modexp.abi3.so,57408,9,12,1,30,0,2.5812223097284765,1
_SHA384.abi3.so,35048,9,9,1,6,0,2.9881105750607437,1
_MD2.abi3.so,34224,9,8,1,5,0,3.1565593304223336,1
_SHA256.abi3.so,35048,9,9,1,6,0,2.93262118240289,1
_SHA512.abi3.so,35064,9,9,1,6,0,3.091117417350687,1
_keccak.abi3.so,35080,9,8,1,7,0,2.4652160181668266,1
_MD4.abi3.so,34304,10,7,1,5,0,2.2331706099978437,1
_SHA1.abi3.so,35024,9,8,1,6,0,2.825402176208011,1
_ghash_clmul.abi3.so,33664,8,3,1,3,0,2.0537647749006034,1
_poly1305.abi3.so,34688,9,8,1,4,0,2.453975255924441,1
_BLAKE2s.abi3.so,34400,8,8,1,5,0,2.619725114957237,1
_MD5.abi3.so,35000,9,8,1,6,0,2.8521469526559247,1
_RIPEMD160.abi3.so,34440,8,6,1,5,0,2.4993751448469492,1
_ghash_portable.abi3.so,33744,7,4,1,3,0,2.120073780083977,1
_SHA224.abi3.so,35048,9,9,1,6,0,2.9347182126210782,1
_BLAKE2b.abi3.so,34400,8,8,1,5,0,2.6371446674609675,1
mac,13783992,34,1100,23,18,0,3.070680246969915,1
Mokes,14371256,34,1085,24,1715,0,3.06246079814017,1
MacSweeper,451960,27,150,4,0,0,2.7682806021603055,1
FlashBack,59861,13,47,3,1,0,3.2263971151606516,1
DevilRobber,13088,8,27,7,0,0,2.6241877922830117,1
fxagent,34852,10,69,11,0,0,2.667094384755575,1
openal.dylib,256696,19,4,0,0,0,2.9261068811403215,1
libjinput-osx.jnilib,64608,9,32,1,0,0,2.0786422304047534,1
liblwjgl.jnilib,1213968,15,35,3,0,0,2.4390174555721162,1
fxagent,34852,10,69,11,0,0,2.667094384755575,1
openal.dylib,256696,19,4,0,0,0,2.9261068811403215,1
libjinput-osx.jnilib,64608,9,32,1,0,0,2.0786422304047534,1
liblwjgl.jnilib,1213968,15,35,3,0,0,2.4390174555721162,1
Gopher,145276,18,51,1,139,0,2.4840197315188153,1
init,57832,11,44,3,21,0,2.8918928389163603,1
iWebUpdate,161624,14,65,8,1,0,2.7418772761878896,1
GoPhoto,478448,34,206,3,1,1,2.501961835218747,1
com.apple.audio.driver,983040,2,0,0,0,0,0.0,1
Stage_3,11843410,14,238,12,1982,0,2.792191027329548,1
swiftBucket_stage2,239008,22,161,3,2,1,2.3089669829567985,1
Internal PDF Viewer,215488,28,130,1,1,1,2.461357019540022,1
applet,8648,10,4,1,1,0,1.8861393374491076,1
softwareupdate,708720,29,698,74,1,0,3.036446885544864,1
EmptyApplication,38324,17,26,2,6,0,2.061751964604987,1
Noi dung chi tiet,96708,28,159,5,6,0,2.5830637647660417,1
Noi dung chi tiet,96708,28,159,5,6,0,2.5830637647660417,1
flashlightd,47944,1,0,0,0,0,7.745142611000004,1
spellagentd,108232,16,105,11,6,0,3.090955986702835,1
mount_devfs,266352,17,120,11,1,0,3.1409038756068735,1
2nd-stage.bin,650476,14,85,3,1,0,3.1654555569821063,1
softwareupdated,11644464,13,105,9,0,0,3.045566423263805,1
covid,704528,1,0,0,0,0,7.875785053924713,1
vpn,109464,30,143,2,1,0,2.5165585163836326,1
OOMP,39596,11,112,4,0,0,2.489406176923765,1
binder,1766908,26,71,2,14,0,2.5323915187855244,1
kextd,89116,28,111,2,0,0,2.46876162394286,1
MacKontrol,95828,18,76,3,0,0,2.218844724811984,1
MacKontrol.dmg,100376,18,81,4,0,0,2.271274447512976,1
Esilet-tmpg7lpp,39156,9,68,10,0,0,3.2109762199250795,1
safarifontsagent,153424,10,48,8,1,1,2.9925234670981853,1
Coinbase_online_careers_2022_07.pdf_,958160,9,34,2,1,1,3.449699771554301,1
FinderFontsUpdater,186240,24,88,2,1,1,2.448019261679971,1
Mantle,154436,29,120,1,30,1,2.4554828437525176,1
Mantle,154436,29,120,1,30,1,2.4554828437525176,1
Esilet Helper,257800,18,112,1,1,0,2.7231930715244417,1
ReactiveCocoa,868188,31,391,13,118,1,2.7595982881284025,1
ReactiveCocoa,868188,31,391,13,118,1,2.7595982881284025,1
Esilet Helper (Renderer),257800,18,112,1,1,0,2.7231930715244417,1
Esilet Helper (GPU),257800,18,112,1,1,0,2.7231930715244417,1
Esilet Helper (Plugin),257800,18,112,1,1,0,2.7231930715244417,1
Electron Framework,115640104,37,2186,45,10851,0,2.949140330717463,1
Electron Framework,115640104,37,2186,45,10851,0,2.949140330717463,1
libEGL.dylib,203452,15,78,1,87,0,2.7079192714029103,1
libswiftshader_libEGL.dylib,231344,20,94,1,54,0,2.520425016556279,1
libGLESv2.dylib,4076492,28,176,1,2734,0,2.6775196817836346,1
libffmpeg.dylib,2949912,16,155,1,1697,0,3.30193470601274,1
libswiftshader_libGLESv2.dylib,3362560,22,178,4,290,0,2.6098016405071593,1
crashpad_handler,973736,26,297,9,1,0,2.757903134451816,1
Squirrel,247520,30,246,3,42,0,2.483034098797329,1
Squirrel,247520,30,246,3,42,0,2.483034098797329,1
ShipIt,743784,34,247,1,138,0,2.8698526985127195,1
Esilet,186052,15,81,1,1,0,2.8219070133067006,1
MacOs,1458520,1,0,0,0,0,7.925201297054983,1
BackTrack,101248,30,116,2,25,0,2.422296826838991,1
Calisto,120400,26,211,1,1,0,2.502872288195189,1
libswiftDispatch.dylib,36784,12,18,1,42,1,1.7006017278000185,1
libswiftFoundation.dylib,526944,24,257,2,827,1,2.6680835013050612,1
libswiftAppKit.dylib,63744,23,55,1,62,1,2.1089236788226957,1
libswiftDarwin.dylib,83408,17,111,1,354,1,2.2242386890038937,1
libswiftObjectiveC.dylib,64352,21,57,1,72,1,2.246729861215263,1
libswiftCoreImage.dylib,30816,5,6,1,1,1,1.1064118049969154,1
libswiftCoreData.dylib,41024,11,7,1,43,1,1.9127552461813762,1
libswiftCore.dylib,5013408,36,218,1,11128,1,2.485648990669152,1
libswiftCoreGraphics.dylib,113968,20,138,1,322,1,2.2996523417051895,1
CryptoSwift,635460,27,609,1,447,0,2.557587874615198,1
CryptoSwift,635460,27,609,1,447,0,2.557587874615198,1
Alamofire,1144236,27,867,2,727,0,2.681847402537846,1
Alamofire,1144236,27,867,2,727,0,2.681847402537846,1
Mac Internet Security X9 Installer,120400,26,211,1,1,0,2.502872288195189,1
Yontoo,386000,26,1397,0,1,0,3.522673560993622,1
patch,87920,13,96,8,0,0,2.8563070646291795,1
63098c56b112c40522d224caae42b2aa44e5d62205457c1955782776d1915d6c,156544,12,68,8,68,0,2.8162951989122607,1
usrnode,109376,31,125,2,1,1,2.5606215451020526,1
usrnode,109376,31,125,2,1,1,2.5606215451020526,1
usrnode,109440,31,126,2,1,1,2.5663215150403778,1
usrnode,109312,31,124,2,1,1,2.5420086981292247,1
GetShell,20800,4,1,0,0,0,1.857258242720703,1
254a442ce7d8a2fcfb83c1db2c6d606685906301dc375a9150e987607d422804,34216,6,25,3,2,0,3.0298338627606225,1
Jami,770832,14,144,5,28,0,3.3428546816342246,1
libqicns.dylib,46248,13,97,3,2,0,2.8127595434115373,1
libqwbmp.dylib,31076,13,68,3,2,0,2.628063140839357,1
libqmacjp2.dylib,37612,13,97,3,2,0,2.6623544751257686,1
libqmacheif.dylib,41844,13,99,3,2,0,2.648536026956968,1
libqjpeg.dylib,432112,13,150,3,2,0,3.1283044601040597,1
libqwebp.dylib,636284,14,104,3,130,0,3.2187453657594376,1
libqtiff.dylib,450376,14,137,3,2,0,2.9311444954374486,1
libqtga.dylib,30436,13,61,3,2,0,2.666295173808908,1
libqico.dylib,41264,13,87,3,2,0,2.7235079425697197,1
libqgif.dylib,43120,13,68,3,2,0,2.6876813231145906,1
libqgenericbearer.dylib,51044,13,129,6,2,0,2.8527516424800727,1
libqsvgicon.dylib,47124,14,106,4,2,0,2.513807842463503,1
libqcocoa.dylib,1799156,34,1900,91,150,0,2.851832539661647,1
libqtvirtualkeyboard_thai.dylib,41640,14,69,3,2,0,2.945044917281394,1
libqtvirtualkeyboard_tcime.dylib,312804,16,120,3,2,0,2.989953370743862,1
libqtvirtualkeyboard_pinyin.dylib,1220764,15,158,3,2,0,3.121113170707363,1
libqtvirtualkeyboard_hangul.dylib,63380,15,82,3,2,0,2.8472633434765835,1
libqtvirtualkeyboard_openwnn.dylib,1518088,15,125,3,2,0,3.2875348090889407,1
libcocoaprintersupport.dylib,28192,13,31,4,2,0,2.4408375684086474,1
libqtvirtualkeyboardplugin.dylib,50724,15,117,3,2,0,2.571728797543027,1
libqmacstyle.dylib,214224,30,511,7,4,0,2.5442158426842467,1
libqtlabsplatformplugin.dylib,239084,13,395,28,2,0,3.2118062313759035,1
libqtquick2plugin.dylib,32144,12,31,3,2,0,2.410443993665018,1
libqtquickcontrols2plugin.dylib,505052,14,368,3,2,0,2.9224361673417794,1
libqtquickcontrols2universalstyleplugin.dylib,459340,14,234,4,2,0,2.8390058245580554,1
libwindowplugin.dylib,27544,11,27,3,2,0,2.416482003289332,1
libqtquickcontrols2imaginestyleplugin.dylib,1507836,14,273,3,4,0,3.2381864564534877,1
libqtquickcontrols2fusionstyleplugin.dylib,453228,14,175,4,2,0,2.808640190513606,1
libqtgraphicaleffectsplugin.dylib,68692,13,29,3,2,0,2.4270271418715206,1
libqtgraphicaleffectsprivate.dylib,67188,13,165,3,6,0,2.922046894729919,1
libqtquicktemplates2plugin.dylib,409252,13,1038,3,2,0,2.918735411997006,1
libqtquickcontrols2materialstyleplugin.dylib,566880,14,246,7,2,0,2.958337194777247,1
QtQuickTemplates2,1275328,14,822,19,3135,0,2.88649806549439,1
QtQuickTemplates2,1275328,14,822,19,3135,0,2.88649806549439,1
QtGui,6158528,20,1194,15,8402,0,2.8647454571123725,1
QtGui,6158528,20,1194,15,8402,0,2.8647454571123725,1
QtQml,4038976,14,955,17,3474,0,2.994518273223545,1
QtQml,4038976,14,955,17,3474,0,2.994518273223545,1
QtQmlWorkerScript,56424,11,142,6,2,0,2.97304795490746,1
QtQmlWorkerScript,56424,11,142,6,2,0,2.97304795490746,1
QtCore,6414064,34,476,21,6285,0,2.66904007947174,1
QtCore,6414064,34,476,21,6285,0,2.66904007947174,1
QtPrintSupport,311728,25,697,10,453,0,2.6902660537250886,1
QtPrintSupport,311728,25,697,10,453,0,2.6902660537250886,1
QtSvg,328168,12,586,5,473,0,3.1967419029643964,1
QtSvg,328168,12,586,5,473,0,3.1967419029643964,1
QtQmlModels,563932,14,492,15,534,0,2.8210240951230294,1
QtQmlModels,563932,14,492,15,534,0,2.8210240951230294,1
QtQuickControls2,200048,12,479,10,331,0,2.998903887680743,1
QtQuickControls2,200048,12,479,10,331,0,2.998903887680743,1
QtDBus,487132,14,368,18,435,0,2.900244263913465,1
QtDBus,487132,14,368,18,435,0,2.900244263913465,1
QtNetwork,1406836,18,885,35,1452,0,2.667165130209058,1
QtNetwork,1406836,18,885,35,1452,0,2.667165130209058,1
QtQuick,4656348,14,2384,63,5743,0,3.2745909628314207,1
QtQuick,4656348,14,2384,63,5743,0,3.2745909628314207,1
QtWidgets,5935320,18,2558,39,8825,0,3.065705626338089,1
QtWidgets,5935320,18,2558,39,8825,0,3.065705626338089,1
QtVirtualKeyboard,1889020,14,409,10,656,0,2.9570266347380794,1
QtVirtualKeyboard,1889020,14,409,10,656,0,2.9570266347380794,1
Jami,770832,14,144,5,28,0,3.3428546816342246,1
Wirenet,78140,14,130,16,1,0,3.34462206606545,1
Finder,63768,13,173,14,0,0,3.2575277813865218,1
skypelog,39812,8,33,0,0,0,2.007255224793976,1
LogKextInstaller,71896,19,35,1,0,0,2.0225463620385407,1
libsqlite3.7.5.dylib,1801716,13,65,1,0,0,3.4563962454725945,1
Connection,1632596,26,363,14,0,0,3.1161141550385048,1
DropletLauncher,46860,18,17,0,0,0,1.6690269805828841,1
Connection,1632596,26,363,14,0,0,3.1161141550385048,1
DropletLauncher,46860,18,17,0,0,0,1.6690269805828841,1
Connection,1632596,26,363,14,0,0,3.1161141550385048,1
DropletLauncher,46860,18,17,0,0,0,1.6690269805828841,1
EDMessage,377628,25,97,2,0,0,2.778826762996283,1
EDMessage,377628,25,97,2,0,0,2.778826762996283,1
EDMessage,377628,25,97,2,0,0,2.778826762996283,1
EDCommon,458220,26,140,4,0,0,3.221939678194452,1
EDCommon,458220,26,140,4,0,0,3.221939678194452,1
EDCommon,458220,26,140,4,0,0,3.221939678194452,1
ShortcutRecorder,238516,24,90,1,0,0,2.3613237006764827,1
ShortcutRecorder,238516,24,90,1,0,0,2.3613237006764827,1
ShortcutRecorder,238516,24,90,1,0,0,2.3613237006764827,1
AbkPro,389852,25,172,9,0,0,2.7043559985878733,1
General.rtf,139264,2,0,0,0,0,0.0,1
General.rtf,139264,2,0,0,0,0,0.0,1
Sparkle,507456,26,127,0,0,1,2.762525752503053,1
Sparkle,507456,26,127,0,0,1,2.762525752503053,1
relaunch,58928,19,19,0,0,0,1.8942531312114328,1
Growl,660640,31,281,21,275,1,2.713553902511559,1
Growl,660640,31,281,21,275,1,2.713553902511559,1
Transmission,1269584,34,529,30,1,1,2.7357362561294996,1
QuickLookPlugin,778272,28,321,25,1474,0,2.439427192381344,1
i,587340,30,466,15,35,0,2.9572101717289723,1
Mughthesec,2700424,32,786,34,1834,0,2.8016566624498225,1
libcurl.4.dylib,357216,14,120,8,61,1,2.5795623077401215,1
mac,496176,30,418,13,30,1,2.891782767479838,1
libcurl.4.dylib,357216,14,120,8,61,1,2.5795623077401215,1
mac,496176,30,418,13,30,1,2.891782767479838,1
dmgr,437536,32,222,2,58,1,3.286401753203997,1
FileZilla-Installer,289856,2,0,0,0,1,0.0,1
expect,101840,5,19,0,1,1,3.077935152042943,0
time,135248,8,35,1,1,1,3.143189392194974,0
ed,202576,9,66,1,1,1,2.996948867120406,0
ktrace,417408,17,272,6,1,1,2.6858232106602924,0
pluginkit,138496,16,66,0,1,1,2.4762324912094593,0
javap,135664,11,35,0,1,1,2.967061289411817,0
ldapmodrdn,754544,14,248,3,1,1,2.9591533451304017,0
flex++,118848,10,13,0,1,1,2.23610416522408,0
shortcuts,386304,34,321,0,1,1,3.1198176346272883,0
jrunscript,135664,11,35,0,1,1,2.967061289411817,0
lsvfs,117888,8,14,0,1,1,2.7877111664454266,0
pack200,135664,11,35,0,1,1,2.967061289411817,0
apply,102400,6,37,0,1,1,3.788940425033601,0
nfsd,310304,12,197,7,1,1,2.6435489531603413,0
uupick,223408,11,89,3,1,1,2.8359575146643246,0
systemextensionsctl,176096,24,115,7,1,1,2.787255673829628,0
reboot,120176,9,54,0,1,1,3.3779385121595737,0
ldapexop,754592,14,249,3,1,1,2.968984044757513,0
lpr,119200,9,39,1,1,1,2.6789428605150594,0
basename,101584,6,19,0,1,1,3.6080757811697493,0
fstyp_udf,101568,8,18,0,1,1,2.539667815243092,0
bison,118848,10,13,0,1,1,2.23610416522408,0
sw_vers,135552,7,27,5,1,1,2.9470461836696975,0
kswitch,235856,10,139,0,12,1,2.6523374406706455,0
mddiagnose,400896,29,301,8,1,1,2.8192102992969725,0
git-upload-pack,118848,10,13,0,1,1,2.23610416522408,0
c++,118848,10,13,0,1,1,2.23610416522408,0
javaws,135664,11,35,0,1,1,2.967061289411817,0
vimdiff,5469856,15,251,5,1,1,3.3062722102982267,0
lipo,118848,10,13,0,1,1,2.23610416522408,0
jq,1376384,12,123,0,1,1,3.1694711343030146,0
clear,100976,6,6,0,1,1,2.756065118937102,0
pgrep,138240,9,76,1,1,1,2.962368205844582,0
bash,1293888,11,201,5,1,1,3.187769826549935,0
ld,118848,10,13,0,1,1,2.23610416522408,0
rev,101328,6,14,0,1,1,3.4539825272695013,0
usbcfwflasher,87504,14,43,0,1,1,2.825483372452876,0
sed,170320,10,80,1,1,1,2.746298603348064,0
uustat,291040,11,106,4,1,1,2.994016221952103,0
whois,135328,8,39,2,1,1,3.2808204830820413,0
db_verify,2058992,11,131,6,1,1,3.325737540995438,0
unzipsfx,269056,9,90,3,78,1,2.989780813877288,0
c89,118848,10,13,0,1,1,2.23610416522408,0
xml2man,118848,10,13,0,1,1,2.23610416522408,0
jcmd,135664,11,35,0,1,1,2.967061289411817,0
hostinfo,101536,7,15,0,1,1,3.0449672450147056,0
g++,118848,10,13,0,1,1,2.23610416522408,0
bzcat,169296,10,56,1,1,1,2.7687192762050468,0
passwd,139840,10,97,1,1,1,2.713315683032295,0
codesign,394768,20,373,3,18,1,3.246667976519155,0
chgrp,118576,10,31,1,1,1,2.864219675598428,0
jimage,135664,11,35,0,1,1,2.967061289411817,0
nano,1441424,11,152,3,1,1,3.6803683915575216,0
cc,118848,10,13,0,1,1,2.23610416522408,0
locate,135152,9,33,0,1,1,2.690868064506483,0
sdiff,136672,10,65,0,1,1,2.724086521526277,0
whereis,102512,7,39,0,1,1,3.356667856887008,0
rmdir,101120,10,11,1,1,1,2.4883342438270626,0
pmset,368960,17,271,16,1,1,2.837563772943786,0
security,661696,28,642,12,1,1,3.2124869284788526,0
vis,118256,8,22,0,1,1,2.979231303155708,0
dns-sd,207792,10,85,7,1,1,3.0558978906950856,0
mount_afp,134960,6,24,0,1,1,3.0291460456326935,0
ldapwhoami,754544,14,249,3,1,1,2.968457847699731,0
bzfgrep,153824,10,76,0,1,1,2.8160263793393283,0
bm4,118848,10,13,0,1,1,2.23610416522408,0
kinit,199888,9,172,1,9,1,2.793801458811787,0
ictool,118912,10,12,0,1,1,2.1561904087499904,0
automationmodetool,136432,11,31,0,1,1,3.0140702072257004,0
git-shell,118848,10,13,0,1,1,2.23610416522408,0
snmpstatus,135856,6,31,0,1,1,3.1016695040405016,0
bputil,196896,7,1,0,1,1,2.34987840609655,0
Rez,118848,10,13,0,1,1,2.23610416522408,0
serialver,135664,11,35,0,1,1,2.967061289411817,0
ipcrm,101536,10,20,1,1,1,2.540017763758361,0
kgetcred,174944,8,61,0,7,1,3.0708967904773417,0
unexpand,101600,7,20,0,1,1,3.1289268424704906,0
grep,153824,10,76,0,1,1,2.8160263793393283,0
crontab,171168,9,92,1,1,1,3.0304127999212063,0
nscurl,257936,23,106,6,1,1,3.221399301017698,0
tnameserv,135664,11,35,0,1,1,2.967061289411817,0
pip3,118848,10,13,0,1,1,2.23610416522408,0
infocmp,203632,9,81,0,1,1,3.1804518432371798,0
diff3,135376,8,33,0,1,1,3.1638304067137466,0
sync,100784,5,2,0,1,1,2.4047352214394673,0
tput,119440,7,49,1,1,1,2.932694888267752,0
fold,101808,7,24,0,1,1,3.1165505648407383,0
who,135472,8,40,0,1,1,2.8836568756632097,0
fsck,118960,7,40,0,1,1,2.7812957135448557,0
fmt,134896,8,27,0,1,1,2.7758265672305393,0
mount_fdesc,117888,6,13,0,1,1,2.9019596296196806,0
snmptable,136592,8,50,0,1,1,2.4876707068109707,0
stat,118768,10,36,1,1,1,2.7020758973055616,0
expand,101616,7,20,0,1,1,3.1903850908440647,0
jstat,135664,11,35,0,1,1,2.967061289411817,0
sourcekit-lsp,118848,10,13,0,1,1,2.23610416522408,0
lprm,101632,8,18,1,1,1,2.5216813411820773,0
jconsole,135664,11,35,0,1,1,2.967061289411817,0
timesyncanalyse,501440,20,71,0,1,1,3.5845365060740035,0
sysdiagnose,207808,25,113,4,1,1,2.64789545709824,0
gcov,118848,10,13,0,1,1,2.23610416522408,0
hidutil,172496,19,74,6,1,1,2.445638181029235,0
tsort,101872,7,25,0,1,1,3.1810302618253417,0
plockstat,136768,9,49,0,1,1,2.6445004822200833,0
killall,119088,6,43,1,1,1,3.8628130258021103,0
halt,120176,9,54,0,1,1,3.3779385121595737,0
tftp,170608,11,83,2,1,1,2.742284306294525,0
patch,220624,10,99,2,1,1,2.864646994593374,0
wall,119840,7,59,0,1,1,3.0652083649287456,0
yaa,329792,12,209,1,1,1,3.0389615529349965,0
git-receive-pack,118848,10,13,0,1,1,2.23610416522408,0
host,3962608,11,200,6,1,1,3.4118556349910207,0
modelcatalogdump,249440,22,241,0,2,1,2.843290045688964,0
sdef,118912,10,12,0,1,1,2.1561904087499904,0
paste,118112,8,20,0,1,1,2.8044219318286525,0
machine,121216,10,72,1,1,1,3.027022372713803,0
latency,169248,8,56,1,1,1,3.1158202613429493,0
usdtree,978496,9,206,4,94,1,4.15628621226968,0
umount,119472,7,46,0,1,1,2.7296214522306284,0
kcc,235856,10,139,0,12,1,2.6523374406706455,0
csrutil,381856,25,166,2,1,1,2.899348319424058,0
sh,101232,7,10,0,1,1,3.0531351054208145,0
disklabel,137296,8,68,0,1,1,2.996003738416638,0
devmodectl,161952,24,56,4,1,1,2.1874458196345334,0
sleep,101184,7,11,0,1,1,3.039571682483472,0
mpioutil,323424,23,103,0,1,1,2.6619111907337962,0
sha384,136576,10,62,0,1,1,3.059982441901543,0
AssetCacheManagerUtil,227712,21,147,3,1,1,2.8819549082336393,0
SetFile,118848,10,13,0,1,1,2.23610416522408,0
wait4path,101056,6,8,0,1,1,3.501614433087674,0
cupstestppd,187072,10,75,1,1,1,2.957298036900238,0
csreq,174016,15,103,1,1,1,3.125644117205503,0
ex,5469856,15,251,5,1,1,3.3062722102982267,0
lorder,118848,10,13,0,1,1,2.23610416522408,0
caffeinate,136000,9,40,0,1,1,2.59103748140694,0
ln,102080,10,30,1,1,1,2.658179358530454,0
setregion,120688,5,46,0,1,1,3.733807610787155,0
stapler,118912,10,12,0,1,1,2.1561904087499904,0
xcodebuild,118912,10,12,0,1,1,2.1561904087499904,0
jpackage,135664,11,35,0,1,1,2.967061289411817,0
mount_devfs,117712,6,10,0,1,1,2.8198820431804226,0
xprotect,238768,24,212,1,1,1,2.8081160050953806,0
ocspcheck,126352,6,106,4,18,1,3.3079208818199795,0
modelmanagerdump,161968,18,78,0,1,1,2.385457722765402,0
parl5.34,12998384,10,42,1,16,1,3.2548083291171457,0
uucp,258016,11,106,4,1,1,2.8893921196081083,0
expr,102048,7,27,0,1,1,3.296327803994957,0
pbpaste,135440,10,27,0,1,1,3.0594663234782566,0
col,101680,7,21,0,1,1,3.2948548045864094,0
osadecompile,102832,6,39,0,1,1,3.1691674818002564,0
objdump,118848,10,13,0,1,1,2.23610416522408,0
dyld_usage,405200,11,120,0,3,1,3.3355734160538706,0
tbtdiagnose,171456,20,59,0,1,1,2.6660784108579656,0
dash,274288,11,89,3,1,1,2.902669443695928,0
mnthome,136160,9,45,1,1,1,2.7100299516570656,0
tcsh,1108448,11,651,11,1108,1,3.2177426216463414,0
jps,135664,11,35,0,1,1,2.967061289411817,0
aea,221504,10,84,1,1,1,3.077189678746125,0
ifconfig,253024,11,82,1,1,1,3.0187740189222567,0
notifyutil,120688,8,50,0,1,1,3.168538970661879,0
headerdoc2html,118848,10,13,0,1,1,2.23610416522408,0
ipcs,118240,10,26,1,1,1,2.5162769807880245,0
at,170816,10,94,1,1,1,3.102731411107966,0
dd,152576,12,53,1,1,1,2.935460784058423,0
openssl,1113296,11,1072,15,155,1,3.633258252254687,0
launchd,1129728,27,534,13,1,1,2.711663590491235,0
test,101456,7,16,0,1,1,3.2685287487218573,0
newgrp,102592,7,41,0,1,1,3.2337560864564927,0
bzip2,169296,10,56,1,1,1,2.7687192762050468,0
rmiregistry,135664,11,35,0,1,1,2.967061289411817,0
dsexport,136928,17,53,0,1,1,2.7826881546350037,0
fstyp,101344,7,14,0,1,1,2.6414512445445752,0
cmp,102160,8,32,0,1,1,3.06140420453404,0
git-upload-archive,118848,10,13,0,1,1,2.23610416522408,0
nfsiod,101264,5,13,0,1,1,3.2166380391018805,0
dddiagnose,1769696,34,836,13,1,1,3.2932523292612643,0
sqlite3,4312112,13,261,3,1,1,3.3802896227636903,0
users,119616,7,33,0,1,1,4.091567258111469,0
jlink,135664,11,35,0,1,1,2.967061289411817,0
iperf3-darwin,468896,13,306,33,1,1,3.0957102216704766,0
nohup,101520,6,18,0,1,1,3.5181632088418713,0
sha512,136576,10,62,0,1,1,3.059982441901543,0
dmesg,101168,6,10,0,1,1,3.325524537737078,0
true,84128,3,0,0,1,1,3.0832337016705313,0
pkgbuild,257056,20,112,1,1,1,3.178283612034039,0
nologin,100992,6,6,0,1,1,3.2858428910694175,0
delv,3977616,11,198,6,1,1,3.4416164495637274,0
ldapmodify,787728,14,250,3,1,1,2.9644394387565396,0
rm,119216,10,45,1,1,1,2.8186088061087076,0
agvtool,118912,10,12,0,1,1,2.1561904087499904,0
unpack200,135664,11,35,0,1,1,2.967061289411817,0
ppdmerge,119328,10,41,1,1,1,2.423136175790694,0
klist,235856,10,139,0,12,1,2.6523374406706455,0
pr,135664,9,44,0,1,1,2.8618814611384735,0
git,118848,10,13,0,1,1,2.23610416522408,0
powermetrics,341552,13,184,6,1,1,2.910796473945984,0
gzcat,194992,11,104,2,2,1,3.022152296138384,0
strip,118848,10,13,0,1,1,2.23610416522408,0
chfn,140320,10,113,0,1,1,3.02051454431328,0
cp,136928,11,71,4,1,1,2.5987642382534513,0
pico,1441424,11,152,3,1,1,3.6803683915575216,0
certtool,265104,14,221,3,1,1,3.0517709264858897,0
vi,5469856,15,251,5,1,1,3.3062722102982267,0
mkfifo,101360,10,16,1,1,1,2.5111643884794153,0
lam,101552,7,19,0,1,1,3.2138723719369664,0
ppdhtml,291344,13,73,2,1,1,3.3229579476316555,0
head,101952,8,27,0,1,1,3.2494098411747423,0
df,119152,11,42,1,1,1,2.5070388225815043,0
nm,118848,10,13,0,1,1,2.23610416522408,0
jstatd,135664,11,35,0,1,1,2.967061289411817,0
colrm,101392,6,16,0,1,1,3.5941328814419986,0
snmpwalk,135568,8,32,0,1,1,2.589519956293254,0
productbuild,308992,23,142,1,1,1,3.167826185474742,0
comm,101664,8,21,0,1,1,3.0748008257430763,0
vm_stat,101728,8,22,0,1,1,2.80193869671177,0
c99,118848,10,13,0,1,1,2.23610416522408,0
fs_usage,188608,10,86,0,1,1,2.694483824827288,0
symbols,460176,25,365,1,1,1,3.0100388606368744,0
unifdef,118848,10,13,0,1,1,2.23610416522408,0
malloc_history,298736,24,219,1,1,1,2.8853583453035774,0
make,118848,10,13,0,1,1,2.23610416522408,0
ranlib,118848,10,13,0,1,1,2.23610416522408,0
zegrep,153824,10,76,0,1,1,2.8160263793393283,0
echo,101184,6,11,0,1,1,3.6073316050447937,0
infotocap,221392,9,109,0,1,1,3.1246159547102,0
assetutil,3696944,39,734,5,1,1,3.161957839074432,0
false,84128,3,0,0,1,1,3.1470514943314023,0
units,135760,9,46,0,1,1,2.9937495529967815,0
bintrans,136480,10,62,1,1,1,3.0258383046614243,0
ctf_insert,118848,10,13,0,1,1,2.23610416522408,0
atq,170832,10,94,1,1,1,3.102731411107966,0
python3,118848,10,13,0,1,1,2.23610416522408,0
opendiff,118912,10,12,0,1,1,2.1561904087499904,0
genstrings,118912,10,12,0,1,1,2.1561904087499904,0
zgrep,153824,10,76,0,1,1,2.8160263793393283,0
cpuctl,101520,6,16,0,1,1,3.7540311647709146,0
logname,101088,6,9,0,1,1,3.074506524058844,0
zip,422368,11,94,1,1,1,3.101448309742847,0
dsimport,224256,21,126,0,1,1,2.7177315080034083,0
bc,350352,10,52,0,1,1,3.2666524793835925,0
xctrace,118912,10,12,0,1,1,2.1561904087499904,0
dwarfdump,118848,10,13,0,1,1,2.23610416522408,0
demandoc,556240,9,71,0,151,1,3.25676458908379,0
perl5.34,101840,7,20,0,2,1,2.6782571262997505,0
realpath,101072,6,8,0,1,1,3.415024895023317,0
last,119424,7,46,0,1,1,3.3459872808300344,0
hiutil,290736,24,124,2,1,1,3.043726024472166,0
ldappasswd,754448,14,248,3,1,1,2.9695560495948463,0
snmpusm,153648,9,59,0,1,1,2.492828895327692,0
pkill,138240,9,76,1,1,1,2.962368205844582,0
gencat,134992,8,29,0,1,1,3.2104660519945547,0
ping6,204272,10,80,3,1,1,2.713686559352036,0
uttype,154800,13,68,0,1,1,3.2741805575509777,0
ResMerger,118848,10,13,0,1,1,2.23610416522408,0
pbcopy,135440,10,27,0,1,1,3.087985161820473,0
jar,135664,11,35,0,1,1,2.967061289411817,0
compress,135296,10,38,2,1,1,2.9128410213329037,0
mklocale,168480,9,42,0,1,1,2.7675805702461935,0
zcat,194992,11,104,2,2,1,3.022152296138384,0
ssh-keygen,850912,12,343,8,1,1,3.2211116151207544,0
lsmp,169872,10,49,0,1,1,2.555479177599261,0
uuname,172048,10,67,2,1,1,2.807327598085755,0
bspatch,134960,7,29,0,1,1,2.512511405557295,0
tail,119344,9,49,0,1,1,2.7294445601288455,0
gatherheaderdoc,118848,10,13,0,1,1,2.23610416522408,0
update_dyld_shared_cache,84272,3,1,1,1,1,3.1234335109341704,0
automator,171440,22,64,0,1,1,2.760079067898241,0
od,136144,9,54,0,1,1,2.911107075405129,0
afhash,136000,10,38,1,1,1,3.156097334890248,0
jcontrol,135664,11,35,0,1,1,2.967061289411817,0
lockstat,188672,9,72,0,1,1,2.894433963384964,0
brctl,543712,28,326,7,1,1,3.209332985450069,0
xargs,135984,9,49,0,1,1,3.120863784278882,0
db_printlog,2126224,11,131,6,1,1,3.328974551285093,0
tccutil,136880,11,34,2,1,1,2.5643198382080397,0
tailspin,212512,17,157,1,1,1,2.8563036755194005,0
nc,171040,10,75,5,1,1,2.6305271180902876,0
mount_webdav,101344,6,13,1,1,1,3.312872299001272,0
mcxrefresh,135120,11,25,0,1,1,2.74489703768849,0
sfltool,246272,26,169,3,1,1,2.785370184494418,0
hpmdiagnose,386512,24,74,0,1,1,2.9596308056911913,0
cal,135776,9,46,0,1,1,3.172493928930548,0
ncinit,135248,7,32,0,1,1,2.8173944940639655,0
env,102368,7,36,0,1,1,3.2821301166927968,0
ruby,135200,7,26,0,4,1,3.19570856366951,0
mount_9p,136656,10,42,0,1,1,2.8208866933750802,0
ps,170864,9,78,0,1,1,3.0956111761128233,0
hostname,101184,6,11,0,1,1,3.456947858388498,0
mpsgraphtool,155111072,31,588,9,84352,1,3.077106988901548,0
scp,305664,12,127,4,1,1,3.106854130633863,0
bzegrep,153824,10,76,0,1,1,2.8160263793393283,0
fibreconfig,172592,13,91,0,1,1,2.619709822129776,0
actool,118912,10,12,0,1,1,2.1561904087499904,0
iconutil,136464,13,42,0,1,1,2.687489517426919,0
tiff2icns,135488,10,28,0,1,1,2.9920823723400662,0
yes,100928,7,5,0,1,1,3.0646138844373234,0
trustcachectl,122768,8,31,1,1,1,2.6384080467377986,0
applesingle,169216,8,50,2,1,1,2.910237079957498,0
ppdc,291936,13,84,2,1,1,3.3600423704072715,0
db_load,2092448,11,137,6,1,1,3.3304530737864555,0
dyld_info,118848,10,13,0,1,1,2.23610416522408,0
trimforce,137200,17,59,0,1,1,2.6098920815187454,0
encode_keychange,136304,9,44,0,1,1,2.4819224298086233,0
getconf,118288,8,25,0,1,1,3.5760231869566024,0
less,368496,10,85,3,1,1,3.264383256727977,0
thermal,137824,9,67,5,1,1,3.151751746660925,0
cut,102528,7,39,0,1,1,3.279805674774376,0
ksh,2566144,11,247,11,1,1,3.5453892298549508,0
fileproviderctl,295840,23,154,2,1,1,3.1715182030506632,0
chpass,140320,10,113,0,1,1,3.02051454431328,0
kdestroy,157344,8,51,0,7,1,3.056538046065749,0
IOMFB_FDR_Loader,244640,12,129,2,1,1,3.085494220355439,0
avbdiagnose,238592,19,78,0,1,1,2.6772538255663574,0
mg,403680,11,132,3,1,1,3.068064317657459,0
clang,118848,10,13,0,1,1,2.23610416522408,0
lsm,172352,20,90,1,1,1,2.7173397469635625,0
snmptranslate,120256,5,48,0,1,1,3.5738039877244474,0
db_hotbackup,2059200,11,133,6,1,1,3.3294666846858165,0
productsign,154560,19,64,0,1,1,2.7938138255451617,0
usdzip,916624,9,152,4,96,1,4.107010928423477,0
snmpdf,102512,7,29,0,1,1,2.869214661885953,0
orbd,135664,11,35,0,1,1,2.967061289411817,0
policytool,135664,11,35,0,1,1,2.967061289411817,0
log,617536,28,328,10,1,1,3.0909005840159733,0
snmpinform,135792,7,36,0,1,1,2.668991364323617,0
db_archive,2058992,11,131,6,1,1,3.327261220322791,0
what,101216,6,12,0,1,1,3.580448292606636,0
mesg,101120,6,10,1,1,1,3.217262812778771,0
codesign_allocate,118848,10,13,0,1,1,2.23610416522408,0
mdimport,718880,27,615,11,1,1,3.0899305021731065,0
[,101456,7,16,0,1,1,3.2685287487218573,0
fstyp_msdos,101552,8,17,0,1,1,2.417327061229262,0
funzip,123216,8,30,0,23,1,2.7658859037986234,0
otool,118848,10,13,0,1,1,2.23610416522408,0
gunzip,194992,11,104,2,2,1,3.022152296138384,0
ditto,172576,10,89,0,1,1,2.494084043504833,0
avmetareadwrite,137136,13,51,0,1,1,2.842143366452634,0
snmpset,102320,6,28,0,1,1,2.989809461500202,0
column,135248,9,34,0,1,1,2.7843745411641225,0
parl,12998384,10,42,1,16,1,3.2548083291171457,0
rvim,5469856,15,251,5,1,1,3.3062722102982267,0
rsync,102224,8,27,0,1,1,2.7172822067542723,0
unifdefall,118848,10,13,0,1,1,2.23610416522408,0
uuencode,136480,10,62,1,1,1,3.0258383046614243,0
dig,3995568,11,204,6,1,1,3.3991191309728332,0
w,136624,9,60,0,1,1,2.512139589077579,0
tee,101232,7,12,0,1,1,3.027923114119133,0
cap_mkdb,118096,8,20,0,1,1,2.8787302429950934,0
lpq,119280,10,41,2,1,1,2.609509087764589,0
viewdiagnostic,163712,20,138,1,1,1,2.852911703099109,0
parldyn5.34,170704,10,65,0,18,1,2.9892057586776293,0
uudecode,136480,10,62,1,1,1,3.0258383046614243,0
asa,118848,10,13,0,1,1,2.23610416522408,0
ppdpo,291264,13,71,2,1,1,3.316367459085179,0
dsmemberutil,102384,7,30,0,1,1,3.3301874726743854,0
ssh-keyscan,662256,12,218,4,1,1,3.19732239619479,0
snmpget,102320,5,27,0,1,1,3.47938183315823,0
shlock,101872,7,26,1,1,1,3.2681128052118273,0
syspolicy_check,480800,39,380,1,1,1,3.021815941664915,0
lp,119424,9,43,1,1,1,2.6998266346495834,0
snmpnetstat,187232,9,59,1,1,1,2.82462626851708,0
tidy,120736,8,62,0,1,1,3.052836245303551,0
lldb,118848,10,13,0,1,1,2.23610416522408,0
gnumake,118848,10,13,0,1,1,2.23610416522408,0
auvaltool,400464,13,221,10,19,1,3.4369351888034796,0
leaks,517104,26,282,5,1,1,3.208340660881518,0
strings,118848,10,13,0,1,1,2.23610416522408,0
atrm,170832,10,94,1,1,1,3.102731411107966,0
lsappinfo,1315872,21,749,71,1,1,2.8910855002820806,0
stringdups,245920,23,181,1,1,1,2.7932905272595496,0
vim,5469856,15,251,5,1,1,3.3062722102982267,0
jmap,135664,11,35,0,1,1,2.967061289411817,0
tiffutil,172240,14,85,1,1,1,2.8929025145679077,0
lpstat,169392,10,53,2,1,1,2.871266682302289,0
write,119184,6,45,0,1,1,3.819895117567603,0
gktool,180544,22,139,0,1,1,2.608511145524664,0
base64,136480,10,62,1,1,1,3.0258383046614243,0
afktool,227936,17,148,0,1,1,3.054300988337845,0
smbutil,386496,17,185,6,88,1,3.049742790160144,0
script,136128,9,54,0,1,1,3.0551704173198684,0
gm4,118848,10,13,0,1,1,2.23610416522408,0
eslogger,1217184,29,450,3,1,1,3.1752007864404437,0
tr,135344,9,36,0,1,1,2.6007276299163102,0
install,137152,10,77,3,1,1,3.0964843892080007,0
resolveLinks,118848,10,13,0,1,1,2.23610416522408,0
say,197728,14,204,2,1,1,2.8704856388639137,0
toe,119728,8,53,0,1,1,2.968557869776362,0
getopt,100912,6,5,0,1,1,3.0450539188620183,0
install_name_tool,118848,10,13,0,1,1,2.23610416522408,0
login,139312,10,102,2,1,1,2.8965449860321777,0
IOSDebug,170336,20,52,1,1,1,2.4621594921952523,0
renice,101216,6,11,0,1,1,3.5933441441359584,0
ul,134992,8,30,0,1,1,2.8003052288498504,0
xed,118912,10,12,0,1,1,2.1561904087499904,0
jshell,135664,11,35,0,1,1,2.967061289411817,0
atsutil,138096,14,66,0,1,1,2.742359238196675,0
file,551136,11,135,0,1,1,3.0987870462126748,0
servertool,135664,11,35,0,1,1,2.967061289411817,0
javadoc,135664,11,35,0,1,1,2.967061289411817,0
trace,509024,27,341,5,1,1,2.9087122607609417,0
diffstat,169472,9,61,0,1,1,3.203114788678172,0
slogin,1474224,16,465,20,1,1,3.130124045977622,0
cpio,160320,8,148,0,1,1,3.432153370649945,0
sc_usage,169568,8,65,3,1,1,3.185666762858514,0
ppdi,291568,13,76,2,1,1,3.349566632331,0
sort,206032,10,129,0,1,1,2.890278471988297,0
dynamic_pager,102320,7,24,0,1,1,3.0934755141498136,0
mdutil,316000,17,266,7,1,1,2.892229305586664,0
db_deadlock,2059056,11,132,6,1,1,3.325595027025163,0
uux,274512,11,107,4,1,1,2.8827889755046794,0
su,121904,8,80,1,1,1,3.2407412444244956,0
md5,136576,10,62,0,1,1,3.059982441901543,0
sntp,120032,7,43,3,1,1,3.5747581976161227,0
groups,102192,7,32,0,1,1,3.352589352004359,0
db_codegen,2091856,11,131,6,1,1,3.3338665730578,0
gcore,309376,10,176,2,1,1,2.966158414119569,0
bunzip2,169296,10,56,1,1,1,2.7687192762050468,0
zprint,170320,11,52,0,1,1,2.661341322837498,0
ippfind,171104,12,85,5,1,1,2.691924867376437,0
odutil,268496,19,139,5,1,1,2.615407501683063,0
memory_pressure,135264,8,31,0,1,1,3.380352475777648,0
nmedit,118848,10,13,0,1,1,2.23610416522408,0
networkQuality,255664,23,75,0,1,1,2.9880372906039283,0
sips,489328,23,365,5,1,1,3.137016447839007,0
quotacheck,135888,9,47,1,1,1,2.80282077837332,0
jot,134800,8,25,0,1,1,2.8577579555777977,0
compression_tool,118976,7,30,0,1,1,3.2621952083678623,0
nbdst,121104,7,57,3,1,1,3.135811332550201,0
kextunload,137728,13,59,2,1,1,2.331633157595906,0
whoami,102192,7,32,0,1,1,3.352589352004359,0
route,153472,9,67,1,1,1,2.771294178343993,0
binhex,169664,8,59,0,1,1,3.9819433088638454,0
sample,174832,23,98,1,1,1,2.7041372503173866,0
uniq,102192,8,32,0,1,1,3.0296900082933975,0
pl,136832,11,20,0,1,1,3.1827312676577324,0
uptime,136640,9,60,0,1,1,2.512139589077579,0
hdiutil,732800,14,549,20,1,1,3.147504113326334,0
SafeEjectGPU,136048,12,33,0,1,1,2.6948092529561003,0
ldapurl,651888,14,223,3,1,1,2.9188930621323523,0
dscacheutil,137680,12,72,0,1,1,2.987997678239601,0
sftp,339680,12,147,4,1,1,3.0692574725814286,0
uuidgen,134112,6,12,0,1,1,3.6567612824212845,0
usdchecker,847728,9,122,2,88,1,4.084075331858273,0
screen,668416,11,149,4,1,1,3.4665180934690096,0
ncctl,135248,7,32,0,1,1,2.8173944940639655,0
trash,135424,13,29,0,1,1,2.860848568211247,0
vmmap,263776,25,200,1,1,1,3.0074841473281766,0
lessecho,117760,8,11,0,1,1,2.833360666051666,0
bzgrep,153824,10,76,0,1,1,2.8160263793393283,0
open,306720,25,130,0,1,1,2.6792128055783504,0
printf,102000,8,27,0,1,1,3.2885180913989123,0
update_mcdp29xx,96784,11,73,0,1,1,2.7293914455204327,0
tty,101184,6,11,0,1,1,3.3330770444428577,0
osascript,175776,23,138,0,1,1,2.594082756549102,0
banner,134512,8,21,0,1,1,2.9787019426945713,0
hexdump,136160,9,54,0,1,1,2.911107075405129,0
ncal,135776,9,46,0,1,1,3.174037503883153,0
ldapdelete,754512,14,248,3,1,1,2.959087492089643,0
captoinfo,221392,9,109,0,1,1,3.1246159547102,0
system-override,345728,24,131,3,1,1,2.7882765950422086,0
codecctl,192896,12,121,0,1,1,3.092880211041805,0
agentxtrap,120944,7,63,1,1,1,2.9713985087060695,0
javac,135664,11,35,0,1,1,2.967061289411817,0
chsh,140320,10,113,0,1,1,3.02051454431328,0
pcsctest,101776,5,19,2,1,1,3.2136264877233236,0
locale,189216,11,70,0,1,1,3.198500157123604,0
ssh-agent,627456,12,227,10,1,1,3.1535704454004456,0
syslog,191216,8,138,2,1,1,3.396783380649623,0
fsck_cs,342080,14,159,0,1,1,3.2652030913678565,0
drutil,588368,26,370,8,1,1,2.774250891400092,0
snmpgetnext,102336,5,27,0,1,1,3.475777878799898,0
xip,137008,13,43,0,1,1,3.0610433183588324,0
macoserror,101248,6,10,0,1,1,3.4139206465036867,0
swiftc,118848,10,13,0,1,1,2.23610416522408,0
clang++,118848,10,13,0,1,1,2.23610416522408,0
osalang,101504,7,15,0,1,1,2.7113541443995133,0
chflags,101648,10,22,1,1,1,2.608530005638881,0
chmod,120784,12,71,4,1,1,2.531811920260571,0
afclip,171232,13,65,1,11,1,3.1375452518944837,0
logger,118144,7,20,0,1,1,3.5039691032789757,0
db_dump,2059104,11,132,6,1,1,3.320632852677232,0
batch,170832,10,94,1,1,1,3.102731411107966,0
ncdestroy,135248,7,32,0,1,1,2.8173944940639655,0
zipsplit,238480,10,59,1,1,1,3.0053169257424863,0
seq,134832,9,26,0,1,1,2.790157249575456,0
snmpdelta,137008,9,56,0,1,1,2.2785592132871115,0
iconv,102304,6,34,0,1,1,3.1690391703079044,0
nclist,135248,7,32,0,1,1,2.8173944940639655,0
desdp,118912,10,12,0,1,1,2.1561904087499904,0
unzip,436976,10,102,3,103,1,3.020408149697866,0
libtool,118848,10,13,0,1,1,2.23610416522408,0
as,118848,10,13,0,1,1,2.23610416522408,0
pax,304688,11,135,3,1,1,3.1288540105543734,0
xcode-select,119104,6,34,0,1,1,3.2704744051328967,0
afscexpand,564800,12,59,2,1,1,3.290250062479547,0
find,171280,10,98,0,1,1,2.981224631288948,0
lsbom,136704,7,50,0,1,1,2.794750737544771,0
shazam,1062976,26,619,1,1,1,3.3523750752207295,0
xmllint,212512,8,201,0,1,1,3.140117363866469,0
osacompile,141024,11,116,1,1,1,3.2715229119074634,0
mkbom,135680,6,38,0,1,1,2.9601119182247206,0
swift-inspect,1885824,28,800,0,1,1,3.3718841348281203,0
wdutil,254080,20,61,0,1,1,2.73134589866599,0
parldyn,170704,10,65,0,18,1,2.9892057586776293,0
xxd,134992,9,30,0,1,1,3.2895297559405123,0
csh,1108448,11,651,11,1108,1,3.2177426216463414,0
snmptest,136272,7,46,0,1,1,3.0096891362004485,0
snmpbulkwalk,135680,7,34,0,1,1,2.6689055725230135,0
mount,171792,16,90,0,1,1,2.7289354685714087,0
afinfo,226288,16,156,3,11,1,3.0742157210563503,0
umtool,204288,22,57,0,1,1,2.8164819591394554,0
avmediainfo,244192,18,141,0,1,1,2.9021580234055953,0
clangd,118848,10,13,0,1,1,2.23610416522408,0
newfs_fskit,137696,12,46,0,1,1,3.3076728519309255,0
sha512sum,136576,10,62,0,1,1,3.059982441901543,0
mailx,270880,11,115,2,1,1,2.88683135873463,0
top,241200,11,138,2,1,1,2.8683860133650945,0
reset,136256,8,56,0,1,1,3.134021717819046,0
DeRez,118848,10,13,0,1,1,2.23610416522408,0
swift,118848,10,13,0,1,1,2.23610416522408,0
unvis,101376,6,15,0,1,1,3.7521447198700137,0
sha384sum,136576,10,62,0,1,1,3.059982441901543,0
usdextract,827088,9,116,2,88,1,4.069828211255971,0
dserr,100944,6,5,0,1,1,3.355354725460849,0
nice,101472,6,17,0,1,1,3.5802374371673316,0
tmdiagnose,341936,25,152,9,1,1,2.9662407350708033,0
bzip2recover,101600,7,19,0,1,1,3.2084226099326187,0
ldapsearch,823904,14,285,4,1,1,2.9821793687901312,0
lskq,135360,9,35,0,1,1,2.723848239864407,0
symbolscache,294720,14,162,6,3,1,3.1588999735064975,0
SplitForks,118848,10,13,0,1,1,2.23610416522408,0
link,102080,10,30,1,1,1,2.658179358530454,0
id,102192,7,32,0,1,1,3.352589352004359,0
hdid,100848,5,3,0,1,1,2.848101668562431,0
ssh,1474224,16,465,20,1,1,3.130124045977622,0
which,101456,7,17,0,1,1,3.1089201120399723,0
jhsdb,135664,11,35,0,1,1,2.967061289411817,0
llvm-gcc,118848,10,13,0,1,1,2.23610416522408,0
tset,136256,8,56,0,1,1,3.134021717819046,0
jdb,135664,11,35,0,1,1,2.967061289411817,0
defaults,178544,12,82,1,1,1,3.2110735260645953,0
mandoc_soelim,103248,6,26,0,3,1,2.9308227298003726,0
nettop,212576,10,189,4,1,1,2.497447519113707,0
gcc,118848,10,13,0,1,1,2.23610416522408,0
shutdown,137552,8,77,1,1,1,3.0321361841049814,0
colldef,202048,11,54,0,1,1,2.6282452241122196,0
jarsigner,135664,11,35,0,1,1,2.967061289411817,0
filtercalltree,191712,20,123,0,1,1,3.10548487938329,0
md5sum,136576,10,62,0,1,1,3.059982441901543,0
dsymutil,118848,10,13,0,1,1,2.23610416522408,0
perl,101840,7,20,0,2,1,2.6782571262997505,0
zipnote,221840,10,57,1,1,1,2.99833811322556,0
gperf,118848,10,13,0,1,1,2.23610416522408,0
lpoptions,119488,11,44,2,1,1,2.5085160280056376,0
zsh,1344816,11,191,4,1058,1,3.119378271311375,0
mcxquery,261296,21,177,6,1,1,2.7206299860985377,0
pagestuff,118848,10,13,0,1,1,2.23610416522408,0
mount_smbfs,195392,10,110,4,29,1,3.5314310218465805,0
keytool,135664,11,35,0,1,1,2.967061289411817,0
join,135216,9,35,0,1,1,2.6613368692883714,0
GetFileInfo,118848,10,13,0,1,1,2.23610416522408,0
db_upgrade,2058992,11,131,6,1,1,3.3228380915975295,0
jstack,135664,11,35,0,1,1,2.967061289411817,0
profiles,434160,24,256,6,1,1,2.882422393851639,0
cat,119040,7,41,2,1,1,3.2668949294656136,0
sha1,136576,10,62,0,1,1,3.059982441901543,0
cmpdylib,118848,10,13,0,1,1,2.23610416522408,0
tops,268336,23,46,0,1,1,2.705667115667654,0
zipinfo,436976,10,102,3,103,1,3.020408149697866,0
egrep,153824,10,76,0,1,1,2.8160263793393283,0
b64decode,136480,10,62,1,1,1,3.0258383046614243,0
dirname,101184,6,11,0,1,1,3.3257132837750425,0
bsdtar,195760,8,180,1,1,1,3.4114971270002816,0
mknod,118512,9,29,2,1,1,3.181883099113248,0
xcrun,117392,6,3,0,1,1,2.067713152465144,0
rmid,135664,11,35,0,1,1,2.967061289411817,0
quota,135200,9,33,0,1,1,2.733854608050245,0
sdp,118912,10,12,0,1,1,2.1561904087499904,0
dc,350352,10,52,0,1,1,3.2666524793835925,0
usdcrush,873936,9,137,10,91,1,4.121834783378233,0
avbanalyse,567072,20,68,0,1,1,3.6028400089675925,0
AssetCacheTetheratorUtil,172976,20,78,1,1,1,2.9028896361840055,0
avbutil,420640,23,100,1,1,1,3.061126312907981,0
ippeveprinter,293984,12,219,7,1,1,3.2297883318068443,0
yacc,118848,10,13,0,1,1,2.23610416522408,0
pwpolicy,175680,12,141,1,1,1,2.789860445998268,0
kextutil,268640,18,263,8,1,1,2.763913459582687,0
csplit,119072,7,44,0,1,1,3.3888864298452006,0
look,118240,8,22,0,1,1,2.968191612727039,0
llvm-g++,118848,10,13,0,1,1,2.23610416522408,0
mail,270880,11,115,2,1,1,2.88683135873463,0
uname,101504,8,17,0,1,1,3.0496159459046286,0
mount_lifs,135392,8,34,0,1,1,3.1758123334735533,0
xar,137888,9,81,0,1,1,2.667458851007089,0
diff,237312,11,105,0,1,1,2.754298781003389,0
nfsstat,204064,13,70,0,1,1,2.777206876747513,0
b64encode,136480,10,62,1,1,1,3.0258383046614243,0
apfs_unlockfv,154672,13,53,3,1,1,2.487708087877915,0
afida,220096,10,68,1,5,1,3.5948185704202595,0
tabs,101456,7,17,0,1,1,3.2857189452202245,0
ipptool,223920,11,146,3,1,1,2.7377337780242113,0
db_recover,2059104,11,132,6,1,1,3.3214915856422396,0
tab2space,118016,8,17,0,1,1,2.3427624073321436,0
afplay,173664,13,94,4,3,1,3.399242368567476,0
dmc,136752,8,44,1,1,1,3.1984979960474518,0
indent,118848,10,13,0,1,1,2.23610416522408,0
zipcloak,239008,10,67,1,1,1,3.08915749576556,0
uncompress,135296,10,38,2,1,1,2.9128410213329037,0
vtool,118848,10,13,0,1,1,2.23610416522408,0
db_stat,2058976,11,130,6,1,1,3.3220173454504813,0
kpasswd,174912,8,62,0,7,1,3.015709158911972,0
segedit,118848,10,13,0,1,1,2.23610416522408,0
fping,169728,10,62,2,1,1,2.7973568576004046,0
rs,134448,8,18,0,1,1,2.8995817709363254,0
xattr,118944,11,40,1,1,1,2.577514377934964,0
aa,329792,12,209,1,1,1,3.0389615529349965,0
crlrefresh,137440,12,58,0,1,1,3.1846304224809483,0
sha256sum,136576,10,62,0,1,1,3.059982441901543,0
rmic,135664,11,35,0,1,1,2.967061289411817,0
arch,121216,10,72,1,1,1,3.027022372713803,0
ar,118848,10,13,0,1,1,2.23610416522408,0
mdfind,137056,17,51,0,1,1,2.551589935850885,0
mktemp,101744,7,23,0,1,1,3.24406505173446,0
mdls,136416,11,39,0,1,1,2.960334627357993,0
textutil,173104,16,87,0,1,1,2.717478506809168,0
truncate,101392,9,17,1,1,1,2.8403895763241795,0
jinfo,135664,11,35,0,1,1,2.967061289411817,0
db_checkpoint,2059056,11,132,6,1,1,3.319603368839324,0
cksum,118208,10,22,1,1,1,2.968670466973105,0
java,135664,11,35,0,1,1,2.967061289411817,0
mv,119344,10,50,2,1,1,2.7163012161570514,0
jjs,135664,11,35,0,1,1,2.967061289411817,0
app-sso,173584,18,74,0,1,1,2.7996496503392043,0
view,5469856,15,251,5,1,1,3.3062722102982267,0
lex,118848,10,13,0,1,1,2.23610416522408,0
sum,118208,10,22,1,1,1,2.968670466973105,0
sha1sum,136576,10,62,0,1,1,3.059982441901543,0
launchctl,362736,17,222,3,1,1,2.3323198084460124,0
mig,118848,10,13,0,1,1,2.23610416522408,0
usbdiagnose,550320,21,79,1,1,1,3.1645118182603627,0
lockf,118672,8,33,1,1,1,2.932692719562768,0
kextload,213040,17,178,6,1,1,2.72205619160241,0
talk,138144,10,90,4,1,1,2.823387685162297,0
snmpvacm,151696,8,29,0,1,1,2.912344177244954,0
rpcgen,118848,10,13,0,1,1,2.23610416522408,0
fsck_fskit,137696,12,46,0,1,1,3.3074751652315797,0
more,368496,10,85,3,1,1,3.264383256727977,0
sha224sum,136576,10,62,0,1,1,3.059982441901543,0
layerutil,2069808,39,716,5,1,1,3.074942521381206,0
pwd,101296,6,14,0,1,1,3.470391192306072,0
xsltproc,137664,8,67,0,1,1,2.53332705590676,0
avconvert,170528,19,58,0,1,1,2.810710165818186,0
curl,552640,11,142,54,1,1,3.5251540547482523,0
tic,221392,9,109,0,1,1,3.1246159547102,0
csfdiagnose,455392,23,328,3,1,1,3.0526885320779975,0
calendar,203568,9,88,0,1,1,3.177044653665465,0
tmutil,743856,40,546,12,1,1,3.131866931954175,0
sha256,136576,10,62,0,1,1,3.059982441901543,0
IOAccelMemory,240208,15,84,0,1,1,2.723309022550587,0
cancel,118976,8,35,2,1,1,2.6373621194100156,0
pathchk,101440,10,18,1,1,1,2.632158832567162,0
date,135296,9,35,0,1,1,3.029118962499744,0
sha224,136576,10,62,0,1,1,3.059982441901543,0
pfctl,484640,11,103,1,1,1,3.203515523766834,0
tar,195760,8,180,1,1,1,3.4114971270002816,0
snmpbulkget,118928,7,28,0,1,1,2.674881157992855,0
ldapcompare,754592,14,249,3,1,1,2.9701705402116434,0
m4,118848,10,13,0,1,1,2.23610416522408,0
fstyp_ntfs,101536,8,17,0,1,1,2.3997537375053235,0
atos,229200,23,171,1,1,1,2.8062730274099015,0
xmlcatalog,119488,6,44,1,1,1,2.9410965093105905,0
fstyp_hfs,101440,8,16,0,1,1,2.746276760010394,0
ping,170624,11,67,3,1,1,2.593531078065533,0
psm,240224,12,118,1,1,1,2.787823995626564,0
kmutil,5344800,36,1431,13,1,1,3.600437044089359,0
hdxml2manxml,118848,10,13,0,1,1,2.23610416522408,0
flex,118848,10,13,0,1,1,2.23610416522408,0
gzip,171744,11,102,2,1,1,3.022152296138384,0
showmount,136560,7,49,3,1,1,2.843686616033094,0
kill,101584,6,19,1,1,1,3.7475385505868393,0
footprint,564080,30,247,0,1,1,2.9925467287447685,0
fgrep,153824,10,76,0,1,1,2.8160263793393283,0
uulog,206032,10,74,2,1,1,2.857248993974327,0
size,118848,10,13,0,1,1,2.23610416522408,0
xcdebug,118912,10,12,0,1,1,2.1561904087499904,0
ls,154624,12,91,2,1,1,2.7196789741867455,0
dist_package_tool,1646560,35,860,4,1,1,3.287243965694654,0
leave,101312,6,14,0,1,1,3.6175660094080033,0
awk,318912,10,85,1,1,1,3.0638679814914664,0
rview,5469856,15,251,5,1,1,3.3062722102982267,0
nl,135216,8,35,0,1,1,2.904860462247215,0
ctags,118848,10,13,0,1,1,2.23610416522408,0
unlink,119216,10,45,1,1,1,2.8186088061087076,0
afconvert,361648,17,183,3,15,1,3.2407827723164,0
mount_nfs,204288,11,89,0,1,1,2.4237919100648666,0
fdesetup,853664,27,367,10,1,1,3.0983431261119962,0
mkdir,101472,10,19,2,1,1,2.5722405337562053,0
readlink,118768,10,36,1,1,1,2.7020758973055616,0
ldapadd,787728,14,250,3,1,1,2.9644394387565396,0
cu,326352,11,137,8,1,1,3.049288634164002,0
cpp,118848,10,13,0,1,1,2.23610416522408,0
heap,312464,25,188,1,1,1,3.0664968452010686,0
c++filt,118848,10,13,0,1,1,2.23610416522408,0
sandbox-exec,102560,5,34,0,1,1,3.485186204667701,0
zfgrep,153824,10,76,0,1,1,2.8160263793393283,0
nsupdate,3928352,11,206,6,1,1,3.4073968118440026,0
localedef,203440,11,76,1,1,1,3.1006083855611823,0
derq,137456,13,64,0,1,1,2.388268861272596,0
taskinfo,190160,9,97,0,1,1,3.2356615480182165,0
jdeps,135664,11,35,0,1,1,2.967061289411817,0
du,135408,11,40,1,1,1,2.5883283443796965,0
usdcat,992096,9,163,2,110,1,4.137979520790291,0
wc,102240,7,30,0,1,1,3.228581785545452,0
printenv,101088,6,9,0,1,1,3.2974440288532385,0
lastcomm,118400,8,25,0,1,1,2.842577582690829,0
stty,135504,9,40,0,1,1,2.89501662672121,0
bioutil,325472,21,69,3,1,1,2.6756165986021565,0
ibtool,118912,10,12,0,1,1,2.1561904087499904,0
touch,101792,9,26,1,1,1,2.9541176739518398,0
mandoc,1087728,9,145,1,281,1,3.65947956398546,0
snmptrap,135792,7,36,0,1,1,2.668991364323617,0
xcscontrol,118912,10,12,0,1,1,2.1561904087499904,0
macbinary,169968,8,60,0,1,1,3.4602179389739818,0
nslookup,3962656,11,204,6,1,1,3.394333847840402,0
ssh-add,630544,15,252,5,1,1,3.1428252706025286,0
finger,137312,9,79,2,1,1,3.064925349928406,0
usdrecord,1242512,10,179,2,166,1,3.7454273963672917,0
plutil,276832,23,101,0,1,1,3.114370643356636,0
xcsdiagnose,118912,10,12,0,1,1,2.1561904087499904,0
dscl,441152,25,156,0,1,1,2.9657085187646173,0
AssetCacheLocatorUtil,171888,21,74,1,1,1,2.7677520746988677,0
split,134816,8,27,0,1,1,2.9929760923548328,0
CalculatorWidget,180640,22,219,9,2,1,2.709425490628203,0
Calculator,2916144,33,1876,49,1,1,3.490659814352276,0
