name,password
ofek,586acb3c6bac489308c0938f762da702573a714dfdf3a729dcb40758b4c363ae
roy,586acb3c6bac489308c0938f762da702573a714dfdf3a729dcb40758b4c363ae
u,0bfe935e70c321c7ca3afc75ce0d0ca2f98b5422e008bb31c00c6d7f1f1c0ad6
q,8e35c2cd3bf6641bdb0e2050b76932cbb2e6034a0ddacc1d9bea82a6ba57f7cf
ee,27a84712e4b22c415fc544d55cdee82327a829f96d03329457f76ebf9af4dcaa
s,043a718774c572bd8a25adbeb1bfcd5c0256ae11cecf9f9c3f925d0e52beaf89
dor,f3cf3f52140e146702cb77f015f2530adc7f5056c7b59c3be8568df9181d67bb
y,a1fce4363854ff888cff4b8e7875d600c2682390412a8cf79b37d0b11148b0fa
dor1,6b86b273ff34fce19d6b804eff5a3f5747ada4eaa22f1d49c01e52ddb7875b4b
wser,36e0fd847d927d68475f32a94efff30812ee3ce87c7752973f4dd7476aa2e97e
e,3f79bb7b435b05321651daefd374cdc681dc06faa65e374e38337b88ca046dea
ergb,f1eeaec73d2efec32e94842f0f42b643ec1511ca4b14e37b2a9c79bf4dc136ad
